,escuela,sexo,edad,entorno,TamFam,EstPadres,PMedu,Mtrab,Ptrab,razon,tutor,TiempoViaje,TiempoEstudio,suspensos,apoyo,ApFam,academia,extras,enfermeria,EstSup,internet,pareja,RelFam,TiempoLib,SalAm,Alc,salud,faltas,asignatura,T1,T2,T3
0,IC,M,19,U,>=4,J,1.5,casa,otros,optativas,otros,2,1.0,3,no,no,no,si,no,no,si,si,4.0,4,3,2,5,0,L,8,9,9
1,BG,F,18,U,>=4,J,4.0,sanidad,sanidad,reputacion,padre,1,2.0,1,si,si,no,si,si,si,si,si,2.0,4,4,1,4,15,M,9,8,8
2,BG,F,16,R,>=4,J,4.0,sanidad,docencia,otros,madre,1,2.0,0,no,si,no,si,si,si,no,no,2.0,4,4,2,4,0,L,17,16,16
3,BG,F,16,U,<4,J,3.5,docencia,servicios,optativas,madre,3,2.0,0,no,si,no,si,si,si,si,no,5.0,4,3,1,1,2,L,16,15,16
4,BG,M,18,U,<4,J,3.0,servicios,sanidad,cercania,padre,1,2.0,1,no,si,si,no,si,si,si,no,3.0,2,4,3,4,13,M,6,6,8
5,BG,M,18,U,>=4,J,1.5,casa,otros,cercania,otros,2,1.0,0,no,no,no,no,no,no,si,no,3.0,4,4,3,4,10,L,10,10,11
6,IC,M,15,U,<4,S,1.5,servicios,servicios,optativas,madre,1,1.0,0,no,no,no,si,si,si,si,no,4.0,3,3,1,5,11,L,12,13,12
7,BG,F,16,R,>=4,J,3.0,servicios,otros,reputacion,padre,1,3.0,0,si,si,no,si,si,si,si,no,4.0,1,2,1,2,4,L,11,11,11
8,BG,F,18,U,>=4,J,2.5,casa,otros,optativas,madre,1,3.0,0,no,si,no,no,si,si,si,no,4.0,3,3,1,3,4,M,11,10,10
9,BG,F,17,R,>=4,J,1.5,casa,servicios,reputacion,madre,2,2.0,0,no,si,no,si,si,si,si,no,4.0,2,5,1,5,0,L,11,10,11
10,BG,F,18,U,>=4,J,3.5,servicios,otros,cercania,padre,1,2.0,0,no,si,no,no,si,si,si,si,3.0,1,2,2,2,2,L,15,15,15
11,BG,M,15,U,>=4,J,3.5,docencia,servicios,optativas,padre,2,4.0,0,si,si,no,no,si,si,si,no,2.0,2,2,1,3,6,L,9,11,11
12,BG,F,17,U,>=4,J,4.0,docencia,servicios,optativas,madre,1,2.0,0,no,si,si,no,si,si,si,si,5.0,3,1,2,5,2,L,11,11,12
13,BG,M,16,U,>=4,J,0.5,otros,otros,reputacion,madre,2,2.0,0,no,si,si,si,si,si,si,si,4.0,3,2,1,3,2,M,13,15,16
14,BG,F,17,U,<4,J,3.5,sanidad,otros,reputacion,padre,1,2.0,0,no,no,no,si,si,si,si,si,3.0,2,3,1,3,0,L,14,12,12
15,BG,F,16,U,>=4,J,1.5,otros,otros,cercania,madre,1,1.0,0,no,no,no,no,si,si,si,si,4.0,5,2,1,5,20,M,13,12,12
16,BG,M,16,U,>=4,J,4.0,docencia,docencia,optativas,padre,1,2.0,0,no,si,no,si,si,si,si,no,5.0,4,4,1,5,2,M,15,15,16
17,BG,F,17,U,<4,J,2.5,otros,otros,reputacion,madre,2,2.0,0,no,no,no,no,si,si,si,no,4.0,4,4,2,1,2,L,14,16,15
18,BG,F,18,U,<4,J,2.0,otros,otros,cercania,otros,1,2.0,0,no,no,no,si,no,si,si,si,4.0,3,3,1,2,0,M,8,8,0
19,IC,F,16,U,>=4,J,1.5,otros,servicios,optativas,madre,1,3.0,1,no,si,no,no,si,si,no,no,1.0,3,2,1,4,0,L,10,8,8
20,BG,M,17,U,<4,S,3.0,servicios,otros,cercania,madre,2,1.0,0,no,no,si,si,si,si,si,si,4.0,5,4,3,5,30,M,8,8,8
21,BG,F,17,R,<4,J,3.0,servicios,otros,otros,madre,1,1.0,0,no,si,no,no,si,si,no,no,5.0,2,1,1,3,6,L,12,11,11
22,BG,M,15,U,>=4,J,3.0,docencia,otros,cercania,madre,1,2.0,0,no,si,no,no,si,si,no,no,4.0,3,3,2,5,4,L,11,12,13
23,BG,M,18,U,>=4,J,2.5,servicios,otros,optativas,madre,2,1.0,0,no,no,no,no,si,no,si,no,4.0,4,5,3,5,8,L,7,8,7
24,BG,F,17,U,>=4,J,1.0,otros,servicios,optativas,padre,1,2.0,0,no,si,no,no,si,si,no,no,4.0,3,4,1,5,4,L,11,10,11
25,IC,F,17,U,>=4,J,4.0,sanidad,sanidad,optativas,padre,1,2.0,0,no,si,no,no,si,si,si,no,5.0,2,5,1,5,0,L,13,15,16
26,IC,M,18,R,>=4,J,0.5,casa,casa,optativas,otros,3,1.0,1,si,si,no,no,si,si,no,no,4.0,3,2,1,4,0,L,12,12,13
27,IC,M,16,U,<4,J,3.5,otros,otros,optativas,padre,1,1.0,0,no,no,no,si,si,si,si,no,4.0,2,5,2,5,8,L,14,12,13
28,BG,M,17,U,<4,J,3.5,sanidad,otros,optativas,madre,2,2.0,0,no,no,no,si,si,si,si,si,2.0,5,5,2,5,14,M,12,12,12
29,IC,M,19,R,>=4,J,1.5,otros,servicios,cercania,otros,3,2.0,3,no,no,no,no,si,si,si,no,5.0,4,4,3,2,8,M,8,7,8
30,IC,M,18,R,<4,J,2.5,casa,servicios,otros,padre,3,1.0,0,no,si,si,si,si,no,si,si,4.0,3,3,2,3,3,M,14,12,12
31,IC,F,18,U,>=4,J,2.0,servicios,casa,reputacion,padre,2,2.0,0,no,no,no,si,no,si,si,no,4.0,3,5,1,1,2,L,12,13,14
32,BG,M,16,R,>=4,S,3.0,otros,docencia,reputacion,madre,2,3.0,0,no,si,no,si,si,si,si,si,2.0,4,3,1,5,0,M,15,16,15
33,BG,M,15,U,<4,J,1.5,otros,otros,optativas,madre,2,1.0,0,no,no,no,si,si,si,no,no,4.0,4,4,3,5,2,L,8,9,10
34,BG,M,17,U,>=4,J,1.5,otros,otros,cercania,madre,2,1.0,3,si,si,no,si,si,no,si,no,4.0,5,1,1,3,2,M,8,8,10
35,BG,F,16,U,>=4,J,3.5,docencia,sanidad,cercania,madre,1,3.0,0,si,si,si,si,si,si,si,no,3.0,4,4,3,4,2,M,10,9,9
36,BG,F,17,U,>=4,J,2.5,sanidad,sanidad,reputacion,padre,1,4.0,0,no,si,no,si,no,si,si,no,5.0,2,2,1,5,0,L,18,18,18
37,BG,F,16,U,>=4,S,2.5,otros,otros,optativas,otros,2,1.0,0,no,si,no,si,no,si,si,si,4.0,3,2,1,5,4,L,9,9,10
38,IC,F,16,U,>=4,J,4.0,sanidad,sanidad,optativas,madre,1,2.0,0,no,si,no,no,si,si,si,si,4.0,3,4,1,3,4,L,8,8,8
39,BG,M,18,U,<4,S,3.5,otros,otros,reputacion,otros,1,2.0,0,no,no,no,si,si,si,si,si,4.0,3,5,2,2,9,L,13,14,15
40,BG,M,17,U,<4,S,2.5,docencia,servicios,cercania,madre,1,1.0,0,no,no,no,no,si,si,si,no,4.0,4,4,3,3,18,L,13,13,13
41,IC,M,19,R,>=4,J,1.0,otros,otros,cercania,otros,3,1.0,1,no,si,no,no,si,si,si,no,4.0,4,4,3,5,4,L,8,9,10
42,BG,F,16,U,<4,J,3.0,sanidad,sanidad,otros,madre,1,3.0,0,no,si,no,si,si,si,si,si,5.0,4,5,1,4,2,L,15,15,14
43,IC,F,20,U,>=4,J,3.0,sanidad,otros,optativas,otros,2,3.0,2,no,si,si,no,no,si,si,si,5.0,4,3,1,3,4,M,15,14,15
44,BG,F,17,U,<4,J,3.0,servicios,servicios,optativas,padre,1,2.0,0,no,no,no,si,si,si,si,si,4.0,3,2,1,5,8,L,14,15,16
45,IC,F,18,U,>=4,J,1.0,casa,servicios,optativas,madre,3,2.0,1,no,no,no,no,si,no,no,no,4.0,4,2,1,2,2,L,9,10,10
46,BG,M,19,U,>=4,J,3.0,otros,otros,cercania,otros,1,2.0,1,no,si,no,si,si,si,si,si,4.0,4,4,1,3,20,M,15,14,13
47,BG,F,18,U,>=4,J,3.0,otros,otros,optativas,madre,2,1.0,1,no,no,no,no,si,no,si,no,4.0,1,1,1,3,14,L,8,7,7
48,BG,F,17,U,>=4,S,3.0,sanidad,otros,reputacion,madre,1,2.0,0,no,si,no,no,no,si,si,si,3.0,3,3,2,3,10,L,12,13,14
49,IC,M,17,U,<4,J,4.0,otros,servicios,cercania,madre,1,3.0,0,no,si,no,no,si,si,si,no,4.0,4,3,1,5,0,L,15,14,16
50,BG,M,17,U,>=4,J,3.5,otros,otros,optativas,madre,1,2.0,0,no,si,si,si,si,si,si,si,5.0,2,3,1,2,4,L,11,11,13
51,BG,M,18,U,>=4,J,4.0,otros,otros,optativas,madre,1,3.0,0,no,no,no,si,si,si,si,no,4.0,3,3,2,3,0,L,13,14,13
52,BG,F,16,U,>=4,J,2.0,otros,otros,reputacion,madre,1,4.0,0,no,no,no,no,si,si,si,si,4.0,2,3,2,3,1,L,13,13,13
53,BG,M,22,U,>=4,J,2.0,servicios,servicios,otros,madre,1,1.0,3,no,no,no,no,no,no,si,si,5.0,4,5,5,1,16,M,6,8,8
54,BG,M,16,U,>=4,J,1.5,casa,otros,optativas,madre,4,1.0,0,no,no,no,no,si,si,no,no,3.0,2,1,1,2,4,L,9,9,11
55,IC,F,15,R,>=4,J,1.5,otros,servicios,optativas,madre,2,1.0,0,no,no,no,no,si,si,no,no,5.0,1,2,1,1,3,L,11,13,13
56,BG,F,16,U,>=4,J,3.5,otros,casa,optativas,madre,1,3.0,0,si,si,si,no,si,si,si,no,5.0,3,5,1,3,0,M,7,9,8
57,BG,M,15,U,>=4,J,3.0,servicios,servicios,reputacion,madre,2,2.0,0,no,si,no,si,si,si,si,no,4.0,3,1,1,5,2,L,15,15,15
58,BG,M,18,U,>=4,J,3.5,docencia,otros,optativas,madre,1,2.0,0,no,si,si,no,no,si,si,no,4.0,3,2,1,3,2,M,8,8,8
59,BG,M,18,U,>=4,J,2.0,servicios,otros,cercania,madre,1,2.0,1,no,si,si,si,si,si,si,no,4.0,4,4,3,5,15,M,6,7,8
60,BG,F,17,U,<4,J,3.0,servicios,servicios,optativas,padre,1,2.0,0,no,no,no,si,si,si,si,si,4.0,3,2,1,5,0,M,14,15,15
61,BG,F,16,U,>=4,J,2.0,casa,otros,cercania,madre,1,2.0,1,si,no,no,si,si,si,si,no,3.0,1,2,1,5,6,M,10,13,13
62,IC,F,17,R,>=4,J,2.5,otros,otros,optativas,madre,2,1.0,0,no,si,no,no,si,si,si,no,5.0,5,5,2,3,2,L,10,11,12
63,BG,F,18,U,>=4,J,3.5,otros,otros,optativas,madre,1,1.0,0,no,si,no,si,si,si,si,si,5.0,4,4,1,1,4,L,11,12,14
64,BG,F,18,U,<4,J,2.0,casa,servicios,optativas,madre,1,2.0,1,no,si,no,no,no,si,si,si,5.0,3,1,1,5,16,L,9,8,10
65,IC,F,17,R,>=4,J,2.5,casa,otros,otros,madre,1,1.0,0,no,si,si,no,si,si,si,no,5.0,1,3,1,5,5,L,9,9,9
66,IC,F,17,R,>=4,J,2.5,otros,otros,optativas,madre,2,2.0,0,si,si,no,no,no,si,si,no,4.0,3,3,2,5,0,L,17,18,18
67,BG,F,17,U,<4,J,2.5,servicios,servicios,optativas,padre,1,4.0,0,no,no,no,si,si,si,si,si,3.0,4,1,1,2,2,L,10,11,12
68,BG,M,18,U,<4,S,4.0,docencia,docencia,reputacion,madre,1,2.0,0,no,si,si,si,si,si,si,no,5.0,4,3,1,2,9,M,15,13,15
69,BG,M,15,U,<4,J,2.0,servicios,sanidad,reputacion,madre,1,4.0,0,no,si,no,si,si,si,si,no,4.0,3,4,1,4,2,L,11,12,12
70,BG,M,16,U,>=4,J,3.0,docencia,otros,cercania,madre,1,2.0,0,no,si,si,si,si,si,si,no,4.0,4,3,2,3,4,L,11,10,11
71,IC,F,18,U,<4,J,1.0,casa,servicios,optativas,padre,2,3.0,0,no,no,no,no,si,si,si,no,5.0,3,2,1,4,0,M,18,16,16
72,BG,M,15,U,<4,S,1.5,servicios,otros,optativas,madre,4,1.0,0,no,no,no,no,si,si,si,no,4.0,5,5,3,5,0,L,12,11,11
73,IC,M,17,U,>=4,J,3.0,servicios,servicios,cercania,madre,1,1.0,0,no,si,no,si,si,si,si,no,4.0,1,4,5,3,8,L,7,10,9
74,IC,F,17,U,>=4,J,0.5,otros,casa,optativas,padre,2,1.0,0,no,no,no,si,no,si,no,no,2.0,4,4,4,5,5,L,9,9,10
75,BG,M,16,U,>=4,J,3.5,docencia,otros,cercania,madre,1,2.0,0,no,si,si,si,si,si,si,no,3.0,4,3,2,3,10,M,9,8,8
76,BG,M,15,U,<4,J,1.5,otros,casa,cercania,padre,1,2.0,0,si,si,no,si,si,si,si,no,4.0,3,2,1,5,2,M,9,10,9
77,IC,F,17,R,>=4,J,1.0,casa,casa,optativas,padre,2,1.0,0,no,si,no,si,si,no,si,si,3.0,5,5,2,4,3,L,10,11,10
78,BG,F,18,U,<4,S,2.5,servicios,otros,reputacion,madre,2,2.0,0,no,si,no,no,si,si,si,no,4.0,1,4,2,4,10,L,14,17,17
79,BG,M,15,U,>=4,J,3.5,servicios,servicios,cercania,padre,1,1.0,0,si,no,no,no,si,si,si,no,4.0,5,5,1,5,0,L,9,9,9
80,IC,F,17,U,>=4,J,3.5,docencia,otros,otros,madre,2,2.0,0,no,no,no,no,si,si,si,no,5.0,5,4,1,1,0,L,6,9,11
81,BG,F,15,U,>=4,J,2.5,sanidad,servicios,cercania,padre,1,2.0,3,no,si,no,no,si,si,si,no,3.0,3,2,1,3,0,M,6,7,0
82,IC,M,21,R,>=4,J,1.5,otros,otros,optativas,otros,1,1.0,3,no,no,no,no,no,si,no,no,5.0,5,3,3,3,3,M,10,8,7
83,BG,F,18,R,>=4,J,2.0,otros,otros,reputacion,madre,1,2.0,1,no,no,no,si,si,si,si,si,5.0,3,3,1,4,16,M,9,8,7
84,IC,F,18,U,>=4,J,1.0,otros,otros,optativas,madre,2,2.0,1,no,no,no,si,si,si,no,no,1.0,1,1,1,5,0,M,6,5,0
85,IC,F,18,R,<4,S,2.5,otros,otros,optativas,otros,2,3.0,2,no,si,no,no,no,no,no,si,3.0,3,2,1,2,6,L,7,9,10
86,IC,F,16,R,>=4,J,2.5,otros,servicios,optativas,madre,3,2.0,0,no,si,no,no,si,si,si,no,4.0,5,4,1,1,2,L,15,15,15
87,BG,M,16,U,>=4,J,4.0,docencia,docencia,cercania,madre,1,2.0,0,no,si,si,si,si,si,si,si,4.0,4,5,5,5,4,L,12,11,12
88,IC,M,17,R,>=4,J,3.5,servicios,otros,cercania,madre,2,2.0,0,no,si,si,si,no,si,si,si,4.0,5,5,2,2,4,M,13,11,11
89,BG,F,15,U,>=4,J,3.5,servicios,otros,reputacion,madre,1,1.0,0,no,no,si,si,si,si,si,no,4.0,5,5,2,1,4,M,16,17,18
90,BG,F,18,U,>=4,J,1.5,otros,otros,cercania,madre,2,3.0,0,no,no,no,si,si,si,si,no,4.0,5,5,1,2,0,L,14,14,14
91,BG,M,17,R,>=4,J,1.5,casa,otros,cercania,madre,1,2.0,0,no,no,no,no,si,si,no,no,3.0,1,3,2,3,6,L,9,9,10
92,BG,M,16,U,>=4,J,2.0,otros,otros,reputacion,padre,2,4.0,0,no,si,si,no,si,si,si,no,4.0,3,2,1,5,0,M,13,15,15
93,BG,F,17,U,>=4,J,2.0,otros,otros,optativas,madre,1,2.0,0,no,si,no,no,no,si,si,no,5.0,4,5,1,5,4,M,10,9,11
94,BG,F,16,U,>=4,J,2.0,otros,otros,cercania,madre,1,2.0,0,no,si,si,no,no,si,si,no,4.0,1,5,1,4,0,M,6,7,0
95,BG,M,16,U,<4,J,1.5,otros,otros,optativas,madre,2,1.0,1,no,no,no,si,si,si,no,no,4.0,4,4,3,5,0,M,7,0,0
96,BG,M,18,U,<4,J,2.5,otros,otros,optativas,madre,1,4.0,0,no,si,si,si,si,si,si,no,4.0,5,5,3,5,0,L,11,11,12
97,BG,M,15,U,>=4,J,4.0,otros,docencia,reputacion,padre,2,2.0,0,no,si,no,si,si,si,no,no,4.0,4,3,1,2,4,L,16,15,16
98,IC,F,18,R,>=4,J,1.0,casa,casa,optativas,madre,2,1.0,1,no,no,no,no,no,no,si,si,3.0,2,3,1,2,0,L,9,11,10
99,BG,F,17,R,<4,J,2.5,servicios,otros,reputacion,madre,2,4.0,0,no,si,no,no,si,si,no,no,3.0,1,2,1,3,0,L,18,19,19
100,IC,M,18,U,<4,J,2.0,casa,servicios,optativas,madre,1,1.0,1,no,no,no,no,si,no,si,si,4.0,3,3,2,3,7,M,8,7,8
101,BG,M,17,U,>=4,J,1.0,otros,otros,reputacion,padre,1,2.0,0,no,no,no,no,no,si,si,no,4.0,3,3,1,4,0,L,12,12,12
102,IC,F,16,R,<4,J,2.0,otros,otros,cercania,padre,3,1.0,0,no,si,no,si,si,si,no,si,4.0,3,2,1,4,0,L,14,14,16
103,BG,F,16,U,>=4,J,2.5,otros,otros,reputacion,madre,1,2.0,0,si,si,no,si,si,si,no,no,4.0,4,3,2,4,4,L,11,12,12
104,BG,M,16,R,>=4,J,4.0,docencia,docencia,optativas,madre,1,1.0,0,no,no,si,si,si,si,si,no,3.0,5,5,3,4,0,M,18,18,18
105,BG,M,17,U,>=4,J,2.5,servicios,servicios,optativas,madre,2,1.0,3,no,si,no,si,no,no,no,no,4.0,5,2,1,2,10,L,8,7,8
106,IC,F,17,R,>=4,J,2.5,otros,otros,otros,madre,1,1.0,0,no,no,no,no,si,si,si,si,4.0,2,3,1,5,1,L,13,14,14
107,IC,M,15,R,>=4,J,1.0,otros,otros,optativas,madre,4,2.0,0,no,si,no,si,si,si,no,si,5.0,4,5,3,4,8,L,7,9,9
108,BG,M,17,U,<4,S,2.5,servicios,otros,cercania,madre,2,1.0,0,no,no,no,si,si,si,si,si,4.0,5,4,3,5,22,L,11,11,10
109,BG,F,17,U,>=4,J,3.5,casa,servicios,cercania,madre,1,3.0,1,no,si,si,no,si,si,si,si,4.0,4,3,3,5,28,M,10,9,9
110,IC,M,18,U,<4,J,1.0,otros,servicios,cercania,padre,2,1.0,0,no,no,no,no,no,si,si,si,3.0,3,2,1,3,4,M,10,10,10
111,BG,M,19,U,>=4,J,2.5,servicios,casa,cercania,madre,1,1.0,3,no,si,no,no,si,no,si,si,4.0,5,4,1,4,0,M,5,0,0
112,BG,F,17,U,>=4,S,2.0,casa,casa,cercania,padre,1,2.0,1,no,si,no,no,si,si,si,si,3.0,3,1,1,4,0,M,9,8,0
113,BG,F,18,U,>=4,J,3.5,otros,otros,optativas,madre,1,3.0,0,no,si,si,si,si,si,si,si,4.0,3,4,1,5,9,M,9,10,9
114,BG,M,18,U,>=4,J,4.0,docencia,servicios,cercania,madre,2,1.0,0,no,no,si,si,si,si,si,no,3.0,2,4,2,3,22,M,9,9,9
115,BG,M,16,U,>=4,J,4.0,servicios,servicios,optativas,madre,1,1.0,0,no,no,no,si,si,si,si,no,5.0,3,2,1,5,0,M,13,12,12
116,BG,M,15,U,>=4,J,3.5,otros,otros,reputacion,padre,1,1.0,0,no,no,no,no,si,si,si,no,3.0,4,3,1,4,2,L,14,13,14
117,BG,F,17,R,>=4,J,3.5,casa,servicios,optativas,padre,1,3.0,0,no,si,si,si,no,si,si,no,4.0,3,4,3,5,0,M,11,11,10
118,BG,F,18,U,>=4,J,2.0,casa,casa,otros,madre,1,3.0,0,no,si,si,no,si,si,si,no,4.0,3,3,1,2,5,M,18,18,19
119,BG,F,15,U,>=4,J,1.5,casa,servicios,optativas,madre,1,2.0,0,no,no,no,no,no,si,si,no,3.0,2,3,1,1,2,M,16,15,15
120,IC,F,18,U,>=4,S,1.5,casa,otros,optativas,madre,2,2.0,2,no,si,no,no,si,si,no,no,4.0,3,3,1,5,2,L,6,8,8
121,BG,M,16,R,>=4,J,3.5,servicios,otros,reputacion,madre,2,1.0,0,si,si,si,si,no,si,si,no,3.0,3,3,1,4,6,L,9,11,11
122,BG,M,19,R,<4,J,1.5,casa,servicios,optativas,madre,2,3.0,1,no,no,no,si,si,si,si,si,4.0,3,1,1,5,0,L,9,10,11
123,IC,F,18,U,>=4,J,2.5,casa,servicios,optativas,padre,2,1.0,0,no,si,no,no,si,si,si,si,5.0,2,3,1,4,0,L,10,10,10
124,BG,M,17,U,<4,S,3.0,sanidad,otros,reputacion,madre,1,3.0,0,no,si,no,no,si,si,si,no,4.0,4,2,1,4,2,L,12,15,15
125,BG,M,17,R,>=4,J,2.0,otros,otros,optativas,padre,3,2.0,1,no,si,no,si,si,si,si,no,5.0,2,4,2,5,14,L,12,11,11
126,BG,M,16,U,>=4,J,1.5,otros,otros,optativas,madre,3,1.0,0,no,no,no,no,si,si,si,no,4.0,3,3,1,4,6,M,18,18,18
127,BG,M,15,U,>=4,J,3.5,otros,otros,reputacion,padre,1,1.0,0,no,no,no,no,si,si,si,no,3.0,4,3,1,4,6,M,14,13,13
128,BG,M,16,U,>=4,J,2.5,otros,otros,cercania,padre,2,1.0,0,no,no,no,no,si,si,si,no,5.0,3,3,1,3,0,M,13,14,14
129,BG,F,18,U,>=4,J,3.0,servicios,servicios,cercania,madre,1,2.0,0,no,no,no,si,si,si,si,no,5.0,3,4,1,4,0,M,7,0,0
130,BG,F,17,R,>=4,J,1.5,casa,servicios,optativas,madre,3,2.0,0,no,no,no,si,si,si,no,no,2.0,1,1,1,3,2,L,13,13,13
131,BG,F,17,U,>=4,J,3.0,otros,otros,cercania,madre,1,3.0,0,no,no,no,si,no,si,no,no,3.0,2,3,1,4,4,M,10,9,9
132,BG,M,17,R,>=4,J,1.5,casa,otros,cercania,madre,1,2.0,0,no,no,no,no,si,si,no,no,3.0,1,3,2,3,4,M,8,9,10
133,BG,F,15,R,>=4,J,3.0,servicios,sanidad,optativas,madre,1,3.0,0,si,si,no,si,si,si,si,no,4.0,3,2,1,5,2,L,10,11,10
134,IC,M,18,R,>=4,J,2.5,servicios,otros,optativas,madre,1,1.0,1,no,no,no,no,si,no,si,no,2.0,3,1,2,5,0,L,4,0,0
135,BG,M,17,R,>=4,J,2.0,otros,otros,optativas,padre,2,2.0,0,no,si,no,si,si,si,si,no,4.0,5,2,1,1,0,L,12,13,13
136,BG,M,16,R,>=4,J,1.5,otros,otros,optativas,madre,2,2.0,0,no,no,no,si,no,si,no,no,3.0,3,2,2,3,2,L,14,13,12
137,BG,F,16,U,>=4,S,2.5,servicios,otros,optativas,madre,1,2.0,0,no,si,no,no,si,si,si,no,2.0,3,3,2,4,2,L,11,11,12
138,IC,F,18,U,<4,J,2.0,docencia,servicios,optativas,madre,1,2.0,0,no,si,no,no,si,si,si,no,4.0,3,4,1,1,4,L,15,15,16
139,BG,M,18,U,>=4,J,2.0,servicios,servicios,otros,madre,1,1.0,2,no,no,no,no,no,no,si,no,3.0,2,5,3,5,4,L,7,8,6
140,BG,M,16,U,<4,J,3.5,docencia,otros,optativas,madre,1,1.0,0,no,no,no,si,no,si,si,no,5.0,4,5,1,3,0,M,6,0,0
141,IC,F,16,U,<4,J,4.0,servicios,servicios,otros,padre,2,1.0,0,no,si,no,no,si,si,no,no,5.0,1,3,1,5,1,L,11,11,11
142,IC,M,18,U,<4,J,1.0,otros,servicios,cercania,padre,2,1.0,0,no,no,no,no,no,si,si,si,3.0,3,2,1,3,2,L,14,13,14
143,BG,M,16,R,<4,J,3.0,docencia,otros,cercania,padre,3,1.0,0,no,si,si,si,si,si,si,no,3.0,3,4,4,3,8,M,9,9,10
144,BG,F,17,U,>=4,J,1.0,servicios,docencia,reputacion,madre,1,3.0,0,no,si,no,no,si,si,si,no,4.0,3,3,1,3,0,L,13,13,14
145,BG,F,15,R,>=4,J,2.0,casa,otros,reputacion,madre,1,1.0,0,si,si,no,si,si,si,no,no,4.0,3,1,1,2,8,L,14,13,12
146,BG,M,18,U,<4,J,2.0,servicios,servicios,reputacion,madre,1,2.0,0,no,si,no,si,no,no,si,no,4.0,4,4,2,3,11,L,9,11,12
147,BG,M,19,U,<4,S,3.5,servicios,casa,reputacion,madre,1,2.0,0,no,si,no,no,si,si,si,no,4.0,3,1,1,1,12,M,11,11,11
148,BG,M,16,U,>=4,J,2.0,otros,otros,reputacion,madre,1,1.0,0,no,no,no,si,si,si,no,no,5.0,3,2,2,5,0,L,13,13,14
149,BG,M,16,U,<4,J,3.0,sanidad,otros,cercania,padre,1,1.0,0,no,no,si,si,si,si,si,no,3.0,1,3,2,5,4,M,8,10,10
150,BG,M,18,U,<4,J,1.5,servicios,otros,optativas,madre,3,2.0,1,no,no,no,si,no,no,si,no,4.0,4,5,4,5,4,L,11,10,11
151,BG,M,17,R,<4,J,1.5,casa,otros,optativas,madre,2,1.0,2,no,no,no,si,si,no,si,si,3.0,3,2,2,5,0,M,7,6,0
152,BG,F,17,R,>=4,J,3.5,casa,servicios,optativas,padre,1,3.0,0,no,si,no,si,no,si,si,no,4.0,3,4,3,5,2,L,15,15,17
153,BG,M,15,U,>=4,J,4.0,docencia,sanidad,reputacion,madre,1,2.0,0,no,si,no,si,si,si,no,no,3.0,2,2,1,5,8,L,15,15,16
154,BG,F,16,U,<4,J,2.0,otros,otros,cercania,padre,1,2.0,0,si,si,no,no,si,si,no,no,4.0,3,3,2,2,4,M,7,6,6
155,IC,F,18,R,>=4,J,2.5,casa,otros,otros,madre,2,3.0,0,no,no,no,no,si,si,no,no,5.0,3,3,2,4,0,L,14,17,15
156,BG,M,16,U,>=4,J,2.5,casa,otros,reputacion,madre,2,3.0,0,no,no,no,si,si,si,si,si,5.0,3,3,2,2,10,M,11,9,10
157,BG,F,17,U,>=4,J,4.0,otros,docencia,optativas,madre,1,1.0,0,si,si,no,no,si,si,no,si,4.0,2,1,1,4,0,L,13,13,13
158,BG,F,18,U,>=4,J,1.0,otros,otros,cercania,madre,2,2.0,0,si,no,no,si,si,si,si,no,5.0,4,4,1,4,4,M,8,9,10
159,IC,M,18,R,<4,J,2.5,servicios,otros,optativas,madre,3,1.0,0,no,no,no,no,no,si,si,no,4.0,4,1,3,5,4,L,10,11,11
160,BG,F,18,U,<4,J,3.0,servicios,servicios,cercania,madre,1,4.0,0,no,si,no,no,si,si,si,no,5.0,3,3,1,1,7,M,16,15,17
161,BG,F,16,U,>=4,S,2.0,servicios,otros,optativas,madre,1,2.0,3,no,si,si,no,si,si,si,no,2.0,3,3,2,4,5,M,7,7,7
162,BG,F,16,U,>=4,J,3.0,servicios,servicios,reputacion,madre,1,3.0,0,no,si,si,si,si,si,si,no,3.0,2,3,1,2,6,M,13,14,14
163,BG,M,18,U,>=4,J,1.5,otros,otros,cercania,madre,1,2.0,0,no,no,no,si,si,si,si,no,5.0,2,4,1,4,2,L,16,16,16
164,IC,M,16,U,>=4,J,1.0,casa,servicios,cercania,madre,2,2.0,0,no,si,no,si,si,si,no,si,5.0,4,5,4,3,0,L,7,0,0
165,BG,M,19,U,>=4,J,1.5,otros,otros,reputacion,madre,1,1.0,0,no,no,no,no,si,si,si,no,5.0,3,4,2,4,10,L,7,11,11
166,BG,F,17,U,>=4,S,3.5,servicios,servicios,optativas,madre,1,2.0,0,no,si,si,no,si,si,si,si,5.0,2,2,1,5,23,M,13,13,13
167,IC,F,17,R,>=4,J,1.5,otros,otros,optativas,madre,1,1.0,0,no,no,no,si,si,si,si,no,3.0,5,5,2,1,4,L,7,8,9
168,BG,M,15,U,>=4,J,4.0,sanidad,sanidad,otros,padre,1,1.0,0,no,si,si,no,si,si,si,no,5.0,4,2,1,5,0,M,12,15,15
169,IC,F,17,R,>=4,J,2.0,otros,otros,otros,madre,2,2.0,0,si,no,si,no,si,si,no,no,5.0,1,3,1,5,0,L,11,9,11
170,IC,F,17,U,>=4,J,3.0,servicios,servicios,optativas,madre,2,1.0,0,no,si,no,no,si,si,si,no,4.0,4,3,1,4,0,L,11,12,13
171,BG,F,17,U,>=4,J,3.5,sanidad,otros,reputacion,madre,1,3.0,0,no,si,si,si,si,si,si,si,4.0,4,3,2,4,0,M,13,15,15
172,BG,F,18,U,>=4,J,2.5,casa,otros,reputacion,padre,1,3.0,0,no,si,no,no,si,si,si,si,4.0,3,4,1,2,5,L,14,17,17
173,BG,F,16,U,>=4,J,3.0,sanidad,otros,cercania,madre,1,1.0,0,no,si,no,no,si,si,si,no,4.0,4,4,1,2,6,L,17,17,17
174,IC,F,15,R,>=4,J,3.0,otros,servicios,optativas,padre,2,1.0,0,no,no,no,no,no,si,si,no,4.0,1,3,1,4,0,L,14,16,16
175,BG,F,15,R,>=4,J,1.0,casa,otros,cercania,madre,2,4.0,1,si,si,si,si,si,si,si,no,3.0,1,2,1,1,2,M,7,10,10
176,BG,F,16,U,>=4,J,3.0,otros,otros,cercania,madre,1,3.0,0,no,si,si,no,si,si,si,si,4.0,3,3,2,4,0,M,7,7,8
177,IC,F,16,U,>=4,J,1.0,otros,otros,optativas,otros,1,4.0,0,si,si,no,si,si,si,si,no,2.0,2,1,1,5,0,L,14,14,14
178,BG,F,15,U,>=4,S,3.0,servicios,servicios,cercania,madre,1,2.0,0,no,no,no,no,no,si,no,si,1.0,3,2,2,1,0,L,9,8,9
179,BG,M,15,U,>=4,J,3.5,docencia,otros,cercania,madre,1,2.0,0,no,si,no,si,si,si,si,no,4.0,3,3,2,5,0,L,11,11,11
180,IC,F,18,R,<4,S,3.0,docencia,otros,reputacion,madre,1,2.0,0,no,no,no,si,si,si,si,si,5.0,3,1,1,5,0,L,5,0,0
181,BG,M,17,R,>=4,J,1.5,casa,casa,cercania,madre,1,2.0,0,no,si,si,si,no,si,no,si,3.0,5,2,2,1,2,M,15,14,14
182,IC,M,17,R,<4,J,2.0,otros,otros,optativas,padre,2,1.0,0,no,no,no,si,si,si,no,si,5.0,1,2,3,5,2,L,12,11,12
183,IC,F,15,R,>=4,J,3.0,casa,otros,optativas,madre,2,1.0,0,no,si,no,no,si,si,si,no,5.0,4,4,2,5,4,L,10,10,11
184,BG,M,17,U,<4,J,4.0,otros,docencia,cercania,padre,2,1.0,0,no,no,si,no,si,si,si,no,4.0,1,1,2,5,0,M,11,11,10
185,BG,F,16,U,>=4,J,2.5,otros,otros,reputacion,madre,1,2.0,0,no,si,si,no,si,si,si,no,1.0,2,2,1,1,14,M,12,13,12
186,BG,M,16,U,<4,S,3.5,servicios,otros,cercania,madre,1,2.0,0,si,si,si,si,si,si,si,no,5.0,3,3,1,5,2,L,12,12,13
187,IC,F,16,R,>=4,J,1.0,otros,otros,otros,madre,2,1.0,0,no,si,no,si,si,si,no,no,3.0,2,3,1,2,0,L,12,11,12
188,IC,F,16,U,>=4,J,2.5,otros,otros,optativas,madre,1,1.0,0,no,no,no,si,si,si,si,no,3.0,1,3,2,1,0,L,8,6,8
189,BG,F,15,R,>=4,J,3.5,servicios,sanidad,optativas,madre,1,3.0,0,si,si,no,si,si,si,si,no,4.0,3,2,1,5,2,L,11,12,12
190,BG,M,17,R,>=4,J,1.0,otros,otros,cercania,padre,2,3.0,0,no,no,no,no,no,si,si,si,4.0,3,3,1,1,2,L,13,14,15
191,BG,F,16,U,>=4,J,3.0,sanidad,servicios,cercania,padre,1,2.0,0,no,no,si,no,si,si,si,si,4.0,2,3,1,3,0,M,14,15,16
192,BG,M,15,U,>=4,J,3.5,docencia,otros,optativas,madre,2,2.0,0,no,si,si,no,si,si,si,no,5.0,4,3,1,3,2,M,10,10,11
193,BG,M,15,U,<4,J,4.0,docencia,otros,cercania,otros,1,1.0,0,no,si,no,no,no,si,si,si,5.0,4,3,3,5,8,L,10,11,11
194,IC,M,16,R,>=4,J,1.0,casa,otros,otros,padre,2,1.0,0,no,no,no,si,si,si,no,no,3.0,4,4,3,5,6,L,11,11,11
195,BG,M,17,U,>=4,J,2.5,servicios,servicios,optativas,madre,1,1.0,3,no,si,si,si,si,si,si,no,5.0,5,5,3,5,2,L,8,8,7
196,IC,F,17,R,>=4,J,2.0,casa,otros,reputacion,madre,1,2.0,0,no,si,no,si,no,si,si,no,4.0,5,4,2,1,10,L,8,9,9
197,BG,F,15,U,>=4,J,4.0,servicios,servicios,optativas,madre,1,1.0,0,si,si,si,no,si,si,si,no,3.0,3,4,2,5,0,M,8,10,11
198,BG,M,16,U,>=4,J,2.5,servicios,otros,reputacion,padre,2,2.0,0,no,no,no,si,no,si,si,no,4.0,4,2,1,3,6,L,12,10,11
199,BG,M,16,U,<4,J,1.5,sanidad,servicios,optativas,madre,2,1.0,2,no,no,no,no,no,si,si,no,4.0,4,5,4,5,0,L,9,8,10
200,BG,F,19,U,>=4,J,4.0,sanidad,otros,reputacion,otros,2,2.0,0,no,si,si,si,si,si,si,no,2.0,3,4,2,2,0,M,10,9,0
201,BG,F,19,U,>=4,J,3.0,otros,otros,reputacion,otros,1,4.0,0,no,si,no,si,si,si,si,no,4.0,3,3,1,3,4,L,12,12,12
202,BG,F,15,U,<4,S,2.5,otros,otros,otros,madre,1,1.0,0,no,no,no,no,si,si,si,no,5.0,3,4,4,1,0,L,13,12,13
203,IC,M,18,R,>=4,J,2.0,casa,otros,optativas,madre,2,2.0,0,no,si,si,no,si,si,no,no,4.0,3,4,3,3,0,L,8,10,9
204,BG,F,17,U,<4,J,2.0,otros,otros,cercania,padre,1,2.0,0,no,no,no,si,si,si,si,no,4.0,2,3,2,2,2,L,11,12,14
205,BG,F,16,U,>=4,J,3.0,otros,otros,reputacion,madre,3,2.0,0,si,si,no,si,si,si,no,no,5.0,3,2,1,4,4,M,8,10,10
206,BG,F,16,U,>=4,J,2.0,servicios,docencia,otros,madre,1,2.0,0,si,no,no,no,si,si,si,no,2.0,3,1,1,3,0,L,13,13,14
207,BG,M,15,U,>=4,S,3.0,otros,servicios,reputacion,madre,1,4.0,0,no,si,no,si,no,si,si,si,1.0,3,3,5,3,4,M,13,13,12
208,BG,M,19,U,>=4,J,4.0,docencia,servicios,reputacion,otros,2,1.0,1,no,si,si,no,si,si,si,si,4.0,3,4,1,4,38,M,8,9,8
209,BG,M,15,U,>=4,J,3.5,servicios,docencia,optativas,padre,1,2.0,0,no,si,no,si,si,si,si,no,4.0,3,3,1,5,0,L,14,15,15
210,BG,M,16,R,>=4,S,4.0,otros,docencia,reputacion,madre,2,3.0,0,no,si,no,si,si,si,si,si,2.0,4,3,1,5,4,L,13,13,13
211,BG,F,19,U,>=4,J,2.0,otros,otros,optativas,otros,3,3.0,0,no,no,no,si,si,no,no,si,1.0,5,5,4,5,12,L,10,10,11
212,BG,F,16,R,>=4,J,4.0,sanidad,docencia,otros,madre,1,2.0,0,no,si,no,si,si,si,no,no,2.0,4,4,2,4,6,M,10,11,11
213,BG,F,17,U,>=4,J,2.5,otros,otros,optativas,padre,1,2.0,0,no,no,no,si,si,si,no,no,5.0,4,2,1,3,4,L,14,14,15
214,BG,M,16,R,<4,J,3.0,docencia,otros,cercania,padre,3,1.0,0,no,si,no,si,si,si,si,no,3.0,3,4,4,3,16,L,10,11,12
215,BG,F,17,U,<4,J,3.0,otros,otros,reputacion,madre,1,2.0,0,no,si,no,si,si,si,si,si,5.0,3,3,2,1,0,M,9,9,8
216,IC,F,15,R,<4,J,1.0,otros,servicios,optativas,madre,2,1.0,1,no,si,no,no,si,si,si,si,4.0,4,3,1,2,4,L,6,7,8
217,IC,F,16,R,>=4,J,4.0,docencia,docencia,optativas,madre,2,3.0,0,no,no,no,si,si,si,si,si,4.0,2,2,1,4,6,L,16,16,17
218,IC,M,18,R,>=4,J,1.5,otros,otros,otros,madre,2,2.0,0,no,no,no,si,no,si,si,si,4.0,4,3,2,5,0,L,7,7,0
219,BG,M,18,R,>=4,J,3.5,docencia,servicios,optativas,madre,1,3.0,0,no,no,no,no,si,si,si,si,5.0,3,2,1,4,4,L,15,14,17
220,IC,M,16,U,<4,J,4.0,docencia,sanidad,otros,padre,1,1.0,0,no,si,no,no,si,si,si,no,4.0,1,2,3,5,0,L,11,12,12
221,BG,F,17,U,>=4,J,3.0,servicios,servicios,reputacion,padre,1,2.0,0,no,si,no,si,si,si,no,no,5.0,4,2,2,5,0,L,17,18,17
222,BG,F,16,U,<4,J,2.0,casa,otros,optativas,madre,1,2.0,0,no,si,no,no,si,si,no,no,4.0,3,4,1,2,4,M,8,7,6
223,BG,M,17,U,>=4,J,3.0,sanidad,otros,cercania,madre,1,1.0,0,no,si,no,no,si,si,si,no,4.0,4,3,2,5,0,L,14,15,15
224,BG,F,18,U,>=4,J,3.5,otros,otros,optativas,madre,1,3.0,0,no,si,no,si,si,si,si,si,4.0,3,4,1,5,2,L,14,15,17
225,BG,M,15,U,<4,S,1.5,servicios,otros,optativas,madre,4,1.0,3,no,no,no,no,si,si,si,no,4.0,5,5,3,5,0,M,8,9,10
226,BG,F,16,U,>=4,J,3.5,casa,otros,optativas,madre,1,2.0,0,no,si,no,no,si,si,si,no,2.0,4,3,1,3,14,L,12,11,11
227,IC,F,16,U,>=4,J,2.5,servicios,casa,optativas,madre,1,1.0,0,no,no,no,no,si,si,si,no,3.0,1,3,2,3,0,L,7,6,7
228,BG,M,16,U,>=4,J,3.0,casa,otros,reputacion,otros,3,2.0,1,si,si,no,no,no,si,si,no,5.0,3,3,2,2,4,L,9,11,10
229,IC,M,18,R,>=4,J,2.0,otros,otros,otros,madre,2,1.0,0,no,no,no,si,no,si,si,si,4.0,4,3,2,5,5,M,7,6,7
230,BG,F,15,R,>=4,J,3.0,servicios,sanidad,optativas,madre,1,3.0,0,si,si,si,si,si,si,si,no,4.0,3,2,1,5,2,M,10,9,8
231,IC,F,17,U,>=4,J,1.0,otros,casa,optativas,madre,1,1.0,0,no,si,no,si,si,si,no,no,4.0,3,2,1,5,9,L,7,9,10
232,IC,M,16,U,<4,J,1.5,casa,servicios,optativas,madre,2,1.0,0,no,si,no,si,si,si,si,no,2.0,4,3,2,4,4,L,10,8,10
233,BG,M,18,R,<4,S,3.5,otros,otros,reputacion,madre,2,2.0,0,no,si,si,si,si,si,si,no,4.0,2,5,3,1,13,M,17,17,17
234,IC,M,19,U,>=4,J,1.0,otros,otros,otros,madre,1,2.0,2,no,si,no,si,si,no,si,no,4.0,4,3,3,4,2,L,9,9,10
235,BG,F,18,U,>=4,J,2.5,servicios,otros,cercania,madre,1,2.0,0,no,si,no,si,no,si,si,si,3.0,1,2,1,1,4,L,10,13,13
236,BG,F,15,U,>=4,J,3.0,otros,otros,reputacion,madre,1,3.0,0,no,si,no,si,si,si,si,no,5.0,3,3,2,1,4,M,13,14,14
237,BG,M,15,R,>=4,J,1.5,sanidad,servicios,reputacion,madre,1,2.0,0,no,no,no,si,si,si,si,si,5.0,4,2,1,5,8,M,9,9,9
238,BG,M,19,R,>=4,J,3.0,otros,servicios,reputacion,padre,1,2.0,0,no,no,no,si,si,si,no,si,4.0,5,3,1,5,0,L,10,10,11
239,BG,M,18,R,>=4,J,2.0,servicios,otros,reputacion,madre,1,1.0,2,no,si,no,si,si,si,si,no,3.0,3,3,1,4,0,M,7,4,0
240,BG,M,15,R,>=4,J,2.5,otros,otros,optativas,madre,2,2.0,2,si,si,no,no,si,si,si,si,4.0,4,4,2,3,6,M,5,9,7
241,BG,M,15,R,>=4,J,3.5,docencia,casa,optativas,madre,1,2.0,0,no,si,no,si,si,si,si,si,4.0,5,2,1,5,0,M,17,16,16
242,BG,F,16,U,<4,J,3.0,otros,otros,reputacion,madre,2,2.0,0,no,si,si,si,si,si,si,no,4.0,4,5,1,4,4,M,10,11,9
243,BG,M,18,R,<4,S,3.5,otros,otros,reputacion,madre,2,2.0,0,no,si,no,si,si,si,si,no,4.0,2,5,3,1,6,L,15,16,16
244,BG,M,16,U,<4,J,2.0,servicios,otros,optativas,madre,1,2.0,2,no,no,no,no,si,si,no,si,4.0,4,4,2,5,0,L,10,10,10
245,BG,M,17,U,>=4,J,1.5,casa,servicios,otros,otros,2,2.0,0,no,no,si,si,no,si,si,no,4.0,4,4,4,5,12,M,7,8,8
246,IC,F,18,U,>=4,J,3.0,servicios,servicios,otros,madre,2,2.0,0,no,si,no,no,si,si,si,si,4.0,3,2,2,3,6,L,13,12,13
247,IC,F,19,R,>=4,S,2.0,casa,casa,optativas,otros,2,2.0,3,no,si,no,si,si,no,no,si,3.0,5,4,2,1,0,L,8,0,0
248,BG,F,17,U,<4,J,2.0,servicios,otros,optativas,madre,2,2.0,0,si,si,si,no,si,si,si,si,4.0,4,4,2,5,6,M,12,12,12
249,BG,M,16,R,>=4,J,2.0,casa,otros,optativas,madre,3,1.0,0,no,no,no,no,no,si,no,no,4.0,2,2,1,3,4,L,12,10,11
250,BG,M,18,U,>=4,J,2.0,otros,otros,cercania,madre,2,2.0,3,no,si,si,no,si,si,si,no,3.0,3,3,5,4,9,L,10,9,10
251,BG,M,15,U,>=4,J,4.0,servicios,otros,optativas,madre,1,1.0,0,no,si,no,si,no,si,si,no,5.0,3,3,1,5,4,M,10,13,14
252,IC,M,17,U,>=4,J,2.5,otros,otros,otros,padre,2,2.0,0,no,si,si,no,si,si,si,no,4.0,1,2,2,1,0,L,13,14,13
253,BG,F,15,U,<4,S,1.5,casa,otros,cercania,madre,2,1.0,0,no,si,no,si,si,no,si,si,4.0,4,2,1,5,0,L,11,10,10
254,BG,M,17,U,<4,J,4.0,otros,docencia,cercania,padre,2,1.0,0,no,no,no,no,si,si,si,no,4.0,1,1,2,5,0,L,12,13,13
255,BG,F,20,U,>=4,J,0.5,otros,otros,reputacion,madre,2,1.0,1,si,no,no,no,si,si,si,si,5.0,3,1,1,5,5,L,8,10,10
256,IC,M,16,U,>=4,S,1.5,otros,otros,otros,madre,1,3.0,0,si,no,no,no,si,si,si,no,4.0,4,3,1,5,0,L,10,11,11
257,BG,M,16,U,<4,J,2.0,otros,otros,cercania,madre,1,2.0,0,no,no,no,no,si,si,si,no,4.0,4,4,1,3,0,L,13,12,13
258,BG,M,16,U,>=4,J,3.0,casa,otros,reputacion,otros,3,2.0,0,si,si,no,no,no,si,si,no,5.0,3,3,2,2,6,M,7,10,10
259,BG,M,17,R,<4,J,2.0,casa,otros,optativas,madre,2,1.0,1,no,no,si,si,si,no,si,si,3.0,3,2,2,5,0,L,8,8,9
260,IC,M,17,U,<4,S,1.5,otros,otros,cercania,madre,1,1.0,0,no,no,no,no,si,si,no,si,4.0,1,2,1,5,4,L,11,11,12
261,IC,M,17,U,>=4,J,1.0,otros,otros,cercania,madre,1,2.0,0,no,no,si,no,no,si,si,no,4.0,4,3,3,5,4,L,8,9,9
262,BG,M,16,U,>=4,J,4.0,sanidad,otros,optativas,madre,1,1.0,0,no,si,no,si,si,si,si,no,3.0,4,4,2,5,18,M,14,11,13
263,BG,M,18,U,>=4,J,2.0,otros,servicios,reputacion,padre,1,2.0,0,no,no,no,no,si,no,si,no,5.0,5,4,4,2,16,L,8,7,8
264,BG,F,16,U,<4,J,4.0,docencia,docencia,reputacion,madre,1,2.0,0,no,si,no,no,si,si,si,no,4.0,5,2,1,3,0,L,11,10,11
265,BG,F,15,U,>=4,J,1.0,otros,otros,cercania,padre,1,2.0,0,no,si,no,si,no,si,si,no,4.0,3,2,2,4,2,L,13,12,12
266,BG,F,18,U,>=4,J,1.5,servicios,otros,optativas,madre,2,2.0,0,no,si,si,si,si,si,si,no,5.0,3,3,1,1,0,M,8,8,0
267,BG,M,18,R,>=4,J,3.5,docencia,servicios,optativas,madre,1,3.0,0,no,no,no,no,si,si,si,si,5.0,3,2,1,4,9,M,16,15,16
268,IC,M,18,U,<4,J,3.0,casa,sanidad,cercania,madre,1,4.0,0,no,si,no,si,si,no,si,si,5.0,5,5,5,5,2,L,5,6,6
269,BG,F,17,R,>=4,J,4.0,servicios,servicios,reputacion,madre,2,3.0,0,no,si,no,si,si,si,si,no,5.0,3,4,1,5,0,L,7,7,8
270,BG,F,16,U,>=4,J,3.0,docencia,sanidad,cercania,madre,1,3.0,0,si,si,no,si,si,si,si,no,3.0,4,4,3,4,0,L,14,13,13
271,BG,F,16,U,>=4,J,3.0,sanidad,sanidad,reputacion,madre,1,2.0,0,no,si,si,no,si,si,si,si,4.0,4,2,1,3,0,M,14,14,14
272,BG,M,18,U,>=4,J,3.0,docencia,otros,cercania,madre,1,2.0,0,no,si,si,si,si,si,si,si,4.0,3,2,2,5,11,M,12,11,11
273,BG,F,16,U,>=4,J,1.0,servicios,servicios,optativas,padre,4,1.0,0,si,si,no,si,no,si,si,si,5.0,5,5,5,5,6,M,10,8,11
274,BG,M,18,U,>=4,J,2.0,otros,casa,optativas,otros,1,1.0,1,no,si,no,si,no,no,si,si,4.0,4,3,2,1,26,L,7,8,8
275,BG,F,15,U,>=4,J,3.0,docencia,servicios,optativas,madre,1,3.0,0,no,si,no,si,si,si,si,no,4.0,2,2,1,5,2,L,13,13,13
276,IC,M,16,R,<4,J,1.5,otros,casa,optativas,madre,1,1.0,0,no,no,no,no,si,si,no,no,4.0,4,4,3,5,4,L,9,10,11
277,IC,M,18,U,<4,J,2.0,casa,servicios,optativas,madre,1,1.0,0,no,no,no,no,si,no,si,si,4.0,3,3,2,3,0,L,9,10,9
278,BG,F,16,U,<4,J,3.0,docencia,docencia,reputacion,madre,1,2.0,0,no,si,si,no,si,si,si,no,4.0,5,2,1,3,0,M,9,9,10
279,BG,M,17,U,<4,J,4.0,servicios,otros,cercania,madre,1,2.0,0,no,si,no,no,si,si,si,si,5.0,3,5,4,3,15,L,13,12,12
280,BG,M,15,U,>=4,J,2.0,servicios,servicios,optativas,padre,1,1.0,0,si,si,no,no,si,si,si,no,5.0,4,1,1,1,0,M,8,8,11
281,BG,F,17,U,<4,S,2.0,otros,otros,cercania,madre,1,1.0,1,no,si,no,no,no,no,si,no,3.0,1,2,1,1,8,L,11,9,10
282,BG,F,18,U,>=4,J,3.5,servicios,otros,cercania,padre,1,2.0,0,no,si,si,no,si,si,si,si,3.0,1,2,2,2,21,M,17,18,18
283,BG,M,16,U,>=4,J,2.5,otros,servicios,optativas,padre,1,2.0,1,no,si,no,no,si,si,si,si,4.0,5,5,4,5,0,L,10,10,1
284,IC,F,16,U,>=4,J,2.0,servicios,otros,optativas,madre,1,1.0,0,no,si,si,si,si,si,no,si,4.0,2,5,1,5,0,L,17,16,16
285,BG,M,17,R,>=4,J,3.5,casa,otros,optativas,madre,3,2.0,0,no,no,no,no,si,si,no,no,5.0,4,5,3,5,2,L,10,9,10
286,BG,F,16,U,<4,J,3.5,otros,sanidad,optativas,padre,2,2.0,0,no,si,si,si,si,si,si,si,4.0,2,2,1,5,2,M,13,13,13
287,IC,F,17,R,>=4,J,1.0,casa,otros,reputacion,madre,2,1.0,0,no,si,no,si,no,si,si,si,4.0,4,5,1,5,0,L,11,11,11
288,IC,F,18,U,>=4,J,3.0,otros,otros,cercania,madre,1,2.0,0,no,no,si,no,si,si,si,si,4.0,1,3,1,1,0,M,15,15,15
289,BG,M,16,U,>=4,J,2.5,otros,servicios,cercania,padre,2,1.0,0,no,no,no,si,si,si,si,no,5.0,4,2,1,5,6,L,14,14,15
290,BG,F,16,U,<4,J,3.5,sanidad,sanidad,otros,madre,1,3.0,0,no,si,si,si,si,si,si,si,4.0,4,5,1,4,4,M,14,15,16
291,IC,F,16,R,>=4,J,2.0,otros,servicios,optativas,padre,3,2.0,0,no,si,no,si,si,si,si,no,5.0,3,4,1,2,1,L,14,13,14
292,BG,F,15,U,<4,J,1.0,casa,otros,otros,madre,1,2.0,0,si,no,no,no,si,si,si,no,4.0,3,2,2,3,6,L,12,13,12
293,BG,M,16,U,>=4,J,2.5,casa,otros,reputacion,madre,2,3.0,0,no,no,no,si,si,si,si,si,5.0,3,3,2,2,0,L,12,12,12
294,BG,F,15,U,>=4,J,3.0,sanidad,servicios,cercania,madre,1,3.0,0,no,si,no,si,si,si,si,si,3.0,2,2,1,5,0,L,14,14,14
295,BG,M,15,U,>=4,J,4.0,docencia,sanidad,reputacion,madre,1,2.0,0,no,si,no,si,si,si,no,no,3.0,2,2,1,5,4,M,14,15,15
296,BG,M,15,U,>=4,J,2.0,otros,otros,cercania,madre,1,1.0,0,no,si,si,no,si,si,si,no,4.0,2,2,1,5,0,M,12,12,11
297,BG,F,16,U,>=4,J,2.0,servicios,servicios,optativas,madre,1,2.0,0,no,no,no,no,si,si,si,no,4.0,3,3,1,2,6,L,12,12,13
298,IC,M,15,R,<4,J,2.5,sanidad,servicios,reputacion,padre,1,2.0,0,no,si,no,si,si,si,si,no,5.0,3,4,1,2,0,L,12,13,14
299,BG,F,17,U,>=4,J,2.0,otros,otros,optativas,madre,1,2.0,0,no,si,no,no,no,si,si,no,5.0,4,5,1,5,12,L,12,12,14
300,BG,F,16,U,>=4,S,3.5,servicios,otros,optativas,padre,1,1.0,0,no,no,no,no,si,si,si,no,3.0,2,1,2,5,16,M,12,11,11
301,BG,F,17,U,<4,J,2.5,otros,otros,reputacion,madre,2,2.0,0,no,no,si,no,si,si,si,no,4.0,4,4,2,1,2,M,14,15,15
302,IC,F,17,U,<4,J,4.0,casa,casa,optativas,madre,1,2.0,0,no,si,si,si,si,si,si,si,2.0,3,4,1,1,0,M,16,15,15
303,IC,F,16,U,>=4,J,1.5,casa,otros,otros,padre,2,1.0,0,no,si,no,no,si,no,si,si,4.0,3,3,2,5,11,L,10,11,11
304,BG,F,17,R,<4,J,2.0,servicios,otros,reputacion,madre,2,4.0,0,no,si,si,no,si,si,no,no,3.0,1,2,1,3,6,M,18,18,18
305,IC,M,18,U,<4,J,4.0,docencia,servicios,otros,madre,2,3.0,0,no,no,no,no,si,si,si,si,4.0,2,2,2,5,0,L,15,16,16
306,BG,M,16,U,<4,S,4.0,docencia,sanidad,reputacion,madre,1,2.0,0,no,si,no,no,si,si,no,no,4.0,1,3,4,5,6,L,9,9,10
307,BG,F,16,U,>=4,J,2.0,servicios,otros,reputacion,madre,2,2.0,0,no,no,no,si,no,si,si,no,3.0,4,4,2,5,0,L,13,12,14
308,BG,M,18,U,<4,J,4.0,docencia,docencia,cercania,madre,1,1.0,0,no,si,si,no,si,si,si,si,1.0,4,2,2,1,5,M,16,15,16
309,BG,F,18,U,>=4,J,4.0,docencia,otros,optativas,madre,1,2.0,0,no,si,si,no,si,si,si,no,4.0,4,4,3,5,2,M,11,11,11
310,BG,F,16,U,>=4,J,2.0,servicios,servicios,cercania,madre,1,1.0,2,no,si,si,no,no,si,si,no,1.0,2,2,2,5,14,M,6,9,8
311,IC,M,18,U,<4,J,4.0,docencia,servicios,otros,madre,2,3.0,0,no,no,si,no,si,si,si,si,4.0,2,2,2,5,0,M,13,13,13
312,BG,F,17,U,>=4,S,4.0,otros,docencia,cercania,madre,2,2.0,0,si,si,no,no,si,si,no,no,4.0,1,4,1,1,2,L,10,13,13
313,BG,F,18,R,>=4,J,1.5,otros,otros,reputacion,madre,2,2.0,0,no,si,no,no,si,no,si,si,4.0,3,5,1,3,12,L,8,9,10
314,BG,M,18,U,>=4,J,3.0,sanidad,otros,reputacion,padre,1,2.0,0,no,si,no,si,si,si,si,si,5.0,4,5,2,5,4,L,10,12,14
315,BG,F,18,U,<4,J,3.0,servicios,servicios,cercania,madre,1,4.0,0,no,si,no,no,si,si,si,no,5.0,3,3,1,1,4,L,14,14,15
316,IC,F,18,U,<4,S,1.5,casa,otros,reputacion,madre,2,2.0,0,no,no,no,no,si,si,si,no,4.0,4,3,1,4,0,L,12,13,14
317,BG,M,16,U,>=4,J,3.5,otros,otros,optativas,padre,3,1.0,2,no,si,no,si,no,si,si,no,3.0,4,5,3,2,0,M,6,5,0
318,IC,M,17,U,>=4,J,2.0,otros,otros,optativas,madre,1,1.0,1,no,no,no,si,si,si,no,si,1.0,2,1,2,5,0,L,7,0,0
319,BG,M,17,U,<4,J,1.0,sanidad,otros,optativas,madre,2,1.0,1,no,si,no,si,si,si,si,no,4.0,4,4,1,5,0,L,9,10,10
320,BG,M,16,U,>=4,J,2.0,otros,otros,optativas,padre,1,2.0,0,no,no,no,no,si,no,si,no,4.0,3,5,3,4,0,L,9,10,11
321,IC,F,17,U,<4,J,4.0,casa,casa,optativas,madre,1,2.0,0,no,si,no,si,si,si,si,si,2.0,3,4,1,1,4,L,15,14,15
322,BG,F,15,R,>=4,J,1.0,otros,otros,optativas,madre,3,1.0,1,no,no,no,si,si,si,si,si,5.0,5,5,1,1,2,L,8,9,9
323,BG,M,17,U,>=4,J,4.0,docencia,docencia,reputacion,madre,1,2.0,0,si,si,no,si,si,si,si,si,4.0,5,5,2,2,14,M,11,9,9
324,BG,F,16,U,<4,J,3.5,docencia,servicios,optativas,madre,3,2.0,0,no,si,no,si,si,si,si,no,5.0,4,3,1,1,2,M,16,15,15
325,BG,F,17,R,>=4,S,2.5,otros,otros,cercania,madre,1,2.0,0,no,si,no,no,si,si,si,no,4.0,3,3,2,2,0,L,14,14,16
326,BG,M,15,U,<4,J,3.5,docencia,servicios,cercania,madre,1,3.0,0,no,si,no,si,si,si,si,no,5.0,4,3,1,4,0,L,14,14,14
327,BG,F,15,U,>=4,J,4.0,docencia,docencia,optativas,madre,2,1.0,0,no,no,no,si,si,si,si,no,4.0,3,2,1,5,0,M,16,16,15
328,BG,F,15,U,>=4,J,4.0,docencia,sanidad,reputacion,madre,1,2.0,0,no,si,si,no,si,si,si,no,3.0,3,3,1,2,0,M,10,8,9
329,IC,F,18,U,>=4,J,1.5,otros,otros,optativas,padre,1,2.0,1,no,si,no,si,si,si,si,si,3.0,4,4,2,5,9,L,9,8,8
330,IC,M,19,R,>=4,J,1.5,otros,otros,cercania,otros,3,1.0,1,no,si,no,no,si,si,si,no,4.0,4,4,3,5,4,M,8,8,8
331,BG,F,18,R,<4,J,1.5,casa,otros,reputacion,madre,2,4.0,0,no,si,no,si,si,si,no,no,5.0,2,2,1,3,2,L,17,17,18
332,BG,M,16,R,>=4,J,3.0,servicios,servicios,reputacion,madre,1,1.0,0,no,si,no,si,si,si,si,no,4.0,3,2,3,5,8,M,8,9,10
333,BG,M,18,U,>=4,J,2.0,servicios,otros,cercania,madre,1,2.0,0,no,si,no,si,si,si,si,no,4.0,4,4,3,5,10,L,12,11,11
334,IC,F,18,R,<4,S,2.5,casa,otros,optativas,madre,3,2.0,0,no,no,no,no,si,si,no,si,4.0,3,4,2,5,0,M,13,13,13
335,BG,F,17,R,>=4,J,3.5,docencia,otros,reputacion,madre,2,3.0,0,no,si,no,si,si,si,si,si,4.0,4,2,1,4,0,L,11,12,12
336,BG,F,15,R,<4,J,2.0,sanidad,servicios,reputacion,madre,2,2.0,0,si,si,no,no,si,si,si,no,4.0,1,3,2,4,0,L,11,10,11
337,BG,M,17,U,>=4,J,2.5,servicios,servicios,optativas,madre,1,1.0,3,no,si,no,si,si,si,si,no,5.0,5,5,3,5,16,M,6,5,5
338,BG,M,17,R,>=4,J,2.5,otros,otros,optativas,madre,2,2.0,2,si,si,no,no,si,si,si,si,4.0,4,4,2,3,4,L,7,6,8
339,BG,F,17,U,>=4,J,3.0,casa,sanidad,reputacion,madre,2,2.0,0,no,si,si,no,si,si,si,si,4.0,3,3,1,1,2,M,10,10,10
340,BG,M,17,R,>=4,J,2.0,servicios,otros,optativas,madre,4,1.0,0,no,si,no,no,si,si,si,no,4.0,4,5,5,4,8,M,11,10,10
341,IC,M,19,R,>=4,J,1.0,otros,servicios,otros,madre,2,1.0,1,no,no,no,no,si,si,no,no,4.0,3,2,2,5,0,L,5,8,0
342,BG,M,17,U,>=4,J,2.5,otros,servicios,reputacion,madre,1,1.0,0,no,no,no,si,no,si,si,no,4.0,3,5,4,5,3,M,14,15,16
343,IC,F,17,R,>=4,J,1.5,otros,servicios,optativas,padre,2,2.0,0,no,no,no,no,no,si,no,no,3.0,2,2,1,3,0,L,13,13,13
344,BG,M,15,U,<4,S,4.0,docencia,docencia,optativas,madre,1,1.0,0,no,no,no,si,si,si,si,no,5.0,5,3,1,4,4,L,13,14,14
345,IC,F,18,U,<4,J,2.0,servicios,servicios,optativas,padre,2,3.0,0,no,no,no,no,si,si,si,si,5.0,4,5,2,3,0,L,11,12,13
346,BG,F,17,U,<4,J,1.0,casa,casa,optativas,madre,1,3.0,0,no,si,no,si,si,si,si,si,4.0,3,2,1,4,10,L,11,10,10
347,BG,F,16,U,>=4,J,3.0,servicios,otros,optativas,madre,1,2.0,0,no,si,no,no,si,si,si,no,4.0,2,3,1,5,2,M,15,16,16
348,BG,F,18,U,>=4,J,3.0,servicios,casa,reputacion,otros,1,2.0,1,no,si,si,si,si,si,si,no,4.0,4,3,1,3,8,M,14,12,12
349,BG,F,17,U,<4,J,1.0,casa,casa,cercania,padre,2,3.0,0,no,no,no,no,si,si,si,no,3.0,3,3,2,2,0,L,14,14,15
350,BG,F,16,U,>=4,S,3.5,servicios,otros,optativas,padre,1,1.0,0,no,no,no,no,si,si,si,no,3.0,2,1,2,5,0,L,15,13,14
351,BG,M,17,U,>=4,J,4.0,docencia,docencia,reputacion,madre,1,2.0,0,si,si,no,si,si,si,si,si,4.0,5,5,2,2,0,L,13,13,13
352,BG,M,15,U,<4,S,2.5,servicios,otros,cercania,madre,1,2.0,0,no,si,no,no,si,si,si,no,4.0,2,2,1,1,0,L,15,16,17
353,BG,F,18,U,<4,J,3.5,otros,otros,cercania,otros,2,2.0,0,no,si,si,no,si,si,si,si,4.0,4,5,1,2,10,M,10,8,8
354,BG,F,15,U,>=4,J,2.5,sanidad,servicios,cercania,padre,1,2.0,1,no,si,no,no,si,si,si,no,3.0,3,2,1,3,2,L,11,11,11
355,BG,M,16,R,>=4,J,3.0,servicios,servicios,reputacion,madre,1,1.0,0,no,si,no,si,si,si,si,no,4.0,3,2,3,5,0,L,11,10,10
356,BG,M,17,U,<4,J,3.5,sanidad,otros,optativas,madre,2,2.0,0,no,no,no,si,si,si,si,si,2.0,5,5,2,5,8,L,15,15,15
357,IC,M,17,U,>=4,J,1.5,otros,otros,optativas,padre,1,1.0,1,no,si,no,si,si,no,si,si,5.0,3,5,5,1,12,L,6,7,7
358,BG,F,16,U,>=4,J,4.0,sanidad,otros,cercania,madre,1,1.0,0,no,si,no,no,si,si,si,no,4.0,4,4,1,2,4,M,14,14,14
359,BG,F,17,U,>=4,J,1.0,casa,otros,reputacion,madre,1,3.0,0,no,si,no,si,si,si,no,si,4.0,3,4,1,5,12,L,12,12,12
360,BG,M,18,R,>=4,J,2.5,otros,otros,optativas,madre,1,3.0,0,no,no,no,si,no,si,no,no,5.0,3,2,1,3,1,M,13,12,12
361,BG,F,15,U,>=4,J,3.0,servicios,servicios,optativas,madre,1,1.0,0,si,si,no,no,si,si,si,no,3.0,3,4,2,5,0,L,13,12,12
362,IC,F,18,R,<4,S,1.5,casa,otros,optativas,madre,3,2.0,0,no,no,no,no,si,si,no,si,4.0,3,4,2,5,0,L,16,15,15
363,BG,M,18,U,>=4,J,3.5,docencia,otros,optativas,madre,1,2.0,0,no,si,no,no,no,si,si,no,4.0,3,2,1,3,2,L,10,10,11
364,BG,F,15,U,>=4,J,1.0,casa,otros,optativas,madre,3,1.0,0,no,si,no,si,no,si,si,si,4.0,3,3,1,4,6,L,11,12,13
365,BG,M,16,U,>=4,J,3.0,servicios,otros,cercania,padre,1,3.0,0,no,si,no,si,si,si,si,no,5.0,3,3,1,5,4,L,13,14,14
366,BG,F,17,U,>=4,J,2.5,casa,otros,cercania,padre,2,1.0,0,no,si,no,no,si,si,no,no,3.0,3,3,2,3,4,L,12,13,13
367,IC,M,16,R,>=4,J,2.5,otros,otros,optativas,padre,2,2.0,0,no,no,no,no,si,si,no,no,4.0,3,3,1,5,0,L,10,11,11
368,IC,F,17,R,>=4,J,2.0,otros,otros,optativas,madre,2,2.0,3,no,si,no,si,no,si,si,si,5.0,4,4,1,5,2,L,7,9,10
369,BG,F,15,U,<4,S,3.5,otros,otros,optativas,madre,1,2.0,0,si,si,si,si,si,si,si,si,5.0,2,2,1,5,4,L,10,11,11
370,BG,F,18,R,>=4,S,2.5,otros,servicios,cercania,madre,2,2.0,0,no,no,no,no,no,no,si,si,4.0,1,1,1,5,75,M,10,9,9
371,IC,F,18,R,<4,J,4.0,docencia,servicios,optativas,madre,1,2.0,0,no,no,si,si,si,si,si,no,5.0,4,3,3,2,4,M,8,9,10
372,BG,F,16,U,>=4,J,2.0,servicios,otros,optativas,madre,1,4.0,0,si,si,si,no,si,si,si,no,4.0,3,3,1,5,0,M,7,7,6
373,BG,M,17,R,>=4,J,2.5,casa,otros,optativas,madre,3,2.0,0,no,no,no,no,si,si,no,no,5.0,4,5,3,5,0,M,10,0,0
374,BG,F,18,U,>=4,J,1.5,otros,otros,cercania,madre,2,2.0,0,si,no,no,si,si,si,si,no,5.0,4,4,1,4,0,L,12,13,13
375,BG,F,18,U,<4,J,3.0,otros,otros,cercania,otros,2,2.0,0,no,si,no,no,si,si,si,si,4.0,4,5,1,2,0,L,13,14,14
376,BG,F,17,U,>=4,J,1.0,otros,otros,optativas,madre,1,2.0,0,no,si,si,no,no,si,no,no,4.0,4,4,2,1,4,M,9,9,10
377,IC,F,18,U,<4,S,1.0,casa,servicios,optativas,madre,1,2.0,0,no,no,no,no,si,si,no,si,5.0,2,3,1,3,2,L,8,10,11
378,BG,F,16,U,>=4,J,2.5,otros,otros,reputacion,madre,1,2.0,0,no,si,no,no,si,si,si,no,1.0,2,2,1,1,8,L,14,15,16
379,IC,F,17,U,>=4,J,3.0,docencia,servicios,cercania,madre,1,2.0,0,si,si,no,si,si,si,si,no,5.0,5,5,2,5,0,L,8,8,0
380,IC,M,19,U,<4,J,1.0,otros,casa,optativas,padre,1,1.0,0,no,no,no,no,si,si,si,no,3.0,2,3,3,5,5,M,8,9,9
381,IC,F,18,R,<4,J,2.0,servicios,servicios,optativas,madre,1,2.0,1,no,si,no,si,si,si,si,no,2.0,3,3,1,4,3,L,7,6,8
382,BG,F,15,U,>=4,J,4.0,docencia,docencia,optativas,madre,2,1.0,0,no,no,no,si,si,si,si,no,4.0,3,2,1,5,6,L,13,14,14
383,BG,F,17,U,>=4,J,3.0,otros,otros,cercania,madre,1,3.0,0,no,no,no,si,no,si,no,no,3.0,2,3,1,4,2,L,15,12,13
384,BG,F,17,R,>=4,J,2.0,otros,otros,reputacion,madre,1,1.0,0,no,si,no,no,si,si,si,no,5.0,3,2,1,3,18,M,7,6,6
385,BG,F,15,U,>=4,J,4.0,docencia,sanidad,reputacion,madre,1,2.0,0,no,si,no,no,si,si,si,no,3.0,3,3,1,2,2,L,14,14,14
386,BG,M,17,R,<4,S,4.0,docencia,otros,optativas,madre,2,2.0,0,no,si,no,no,si,si,si,no,3.0,3,3,2,4,0,L,12,12,12
387,BG,M,18,U,<4,J,3.0,servicios,sanidad,cercania,padre,1,2.0,0,no,si,no,no,si,si,si,no,3.0,2,4,3,4,10,L,10,10,10
388,BG,F,16,U,>=4,J,3.5,sanidad,sanidad,reputacion,madre,1,2.0,0,no,si,no,no,si,si,si,si,4.0,4,2,1,3,0,L,16,16,17
389,IC,M,19,R,>=4,J,1.0,otros,servicios,otros,madre,2,1.0,1,no,no,no,no,si,si,no,no,4.0,3,2,2,5,0,M,6,5,0
390,BG,F,17,U,<4,J,3.0,docencia,servicios,reputacion,madre,1,4.0,0,no,si,si,si,si,si,si,no,4.0,2,3,1,4,6,M,14,12,13
391,BG,M,16,U,>=4,J,4.0,servicios,servicios,otros,madre,1,1.0,0,si,si,si,si,si,si,si,no,4.0,5,5,5,4,14,M,7,7,5
392,BG,M,16,R,>=4,J,1.5,otros,otros,optativas,madre,2,1.0,0,no,no,no,si,no,si,no,no,3.0,3,2,2,3,0,M,8,9,8
393,BG,F,15,R,>=4,J,1.0,otros,otros,reputacion,madre,1,2.0,0,si,si,no,no,no,si,si,si,3.0,3,4,3,5,2,L,13,11,11
394,BG,F,16,U,<4,S,2.5,otros,servicios,cercania,madre,1,2.0,0,no,si,no,no,si,si,si,no,2.0,3,5,2,3,6,L,13,12,13
395,IC,M,16,U,<4,J,2.0,servicios,servicios,otros,madre,4,3.0,0,no,no,no,no,si,si,no,no,5.0,1,3,2,3,0,L,10,9,10
396,IC,F,17,R,>=4,J,0.0,casa,otros,optativas,madre,2,1.0,0,no,si,no,no,si,si,si,no,4.0,4,3,1,5,0,L,10,11,11
397,BG,M,18,U,>=4,J,4.0,docencia,servicios,cercania,padre,1,2.0,0,no,si,no,si,si,si,si,no,4.0,3,3,2,2,0,L,12,12,13
398,BG,M,16,U,>=4,J,4.0,docencia,docencia,cercania,madre,1,2.0,0,no,si,si,si,si,si,si,si,4.0,4,5,5,5,16,M,10,12,11
399,BG,M,17,U,<4,J,2.0,otros,otros,cercania,padre,1,2.0,0,no,no,si,si,no,si,si,si,4.0,4,2,5,4,4,M,14,13,13
400,BG,M,17,U,<4,S,2.5,otros,otros,reputacion,madre,1,2.0,0,no,si,no,no,si,si,si,no,4.0,4,4,1,5,10,L,16,18,18
401,IC,F,17,U,>=4,J,2.5,casa,otros,cercania,madre,2,1.0,0,no,no,no,no,si,si,no,si,4.0,3,3,2,1,5,L,9,11,11
402,BG,F,15,U,>=4,S,3.5,servicios,servicios,reputacion,madre,1,2.0,0,no,si,si,si,si,si,si,no,4.0,3,2,1,1,0,M,14,15,15
403,IC,F,17,U,>=4,J,2.5,sanidad,casa,optativas,madre,1,1.0,0,no,si,no,no,si,si,no,si,3.0,2,2,1,5,0,L,8,10,9
404,BG,F,19,R,>=4,J,2.5,servicios,servicios,reputacion,padre,1,2.0,1,si,si,no,no,si,no,si,no,3.0,3,3,4,3,0,L,9,8,10
405,BG,M,16,U,<4,J,2.0,servicios,servicios,reputacion,padre,2,1.0,0,no,si,no,si,si,si,si,no,2.0,3,3,2,2,4,L,12,11,11
406,IC,F,17,R,>=4,J,2.0,casa,otros,reputacion,madre,1,2.0,0,no,si,si,si,no,si,si,no,4.0,5,4,2,1,17,M,10,10,10
407,BG,F,18,U,<4,S,4.0,sanidad,otros,cercania,madre,1,2.0,0,no,si,no,no,si,si,si,si,4.0,2,4,1,4,14,M,12,10,11
408,BG,M,16,U,>=4,J,4.0,servicios,servicios,optativas,madre,1,3.0,0,no,si,no,si,si,si,si,no,5.0,3,3,2,5,0,L,15,13,13
409,BG,F,15,R,<4,J,2.0,otros,otros,reputacion,padre,2,4.0,0,no,si,no,no,no,si,si,no,4.0,4,2,2,3,12,M,16,16,16
410,BG,F,17,U,>=4,J,1.5,servicios,otros,optativas,madre,2,2.0,0,no,si,no,si,si,si,si,si,4.0,3,4,2,1,10,L,12,15,15
411,BG,F,17,U,>=4,S,2.0,otros,otros,optativas,madre,2,3.0,0,no,no,no,si,si,si,si,si,3.0,2,3,1,3,10,M,12,10,12
412,IC,F,17,R,>=4,J,2.5,casa,otros,optativas,padre,1,2.0,1,no,no,no,no,si,si,no,si,4.0,5,4,1,5,0,L,10,10,10
413,BG,F,16,U,>=4,J,2.5,otros,otros,cercania,madre,1,3.0,0,no,si,no,no,si,si,si,si,4.0,3,3,2,4,2,L,9,11,11
414,IC,M,17,R,>=4,J,3.5,servicios,otros,cercania,madre,2,2.0,1,no,si,si,si,no,si,si,si,4.0,5,5,2,2,4,L,10,11,11
415,IC,F,16,R,>=4,J,2.0,otros,otros,optativas,madre,3,2.0,0,no,si,no,no,si,si,si,no,4.0,4,5,1,4,4,L,9,10,11
416,BG,F,16,U,>=4,J,3.5,docencia,otros,otros,madre,1,2.0,0,no,no,si,si,si,si,si,si,1.0,3,2,1,1,10,M,11,12,13
417,BG,F,16,U,>=4,J,3.5,servicios,servicios,reputacion,madre,1,3.0,0,no,si,no,si,si,si,si,no,3.0,2,3,1,2,10,L,13,13,14
418,IC,M,15,U,<4,J,3.0,casa,casa,reputacion,padre,1,2.0,0,no,si,no,si,si,si,si,no,5.0,3,3,1,5,0,L,11,11,11
419,BG,M,15,U,<4,S,2.5,servicios,otros,cercania,madre,1,2.0,0,no,si,si,no,si,si,si,no,4.0,2,2,1,1,0,M,16,18,19
420,BG,M,15,U,>=4,J,3.0,docencia,otros,reputacion,madre,1,2.0,0,no,no,no,no,si,si,si,no,4.0,4,1,1,1,0,M,13,14,15
421,BG,F,16,U,>=4,J,3.5,casa,otros,optativas,madre,1,2.0,0,no,si,no,no,si,si,si,no,2.0,4,3,1,3,12,M,5,5,5
422,IC,M,18,U,>=4,J,2.5,casa,casa,optativas,madre,1,2.0,2,no,si,no,si,si,no,si,no,4.0,4,5,2,3,9,L,4,8,8
423,BG,M,17,R,<4,J,1.5,otros,otros,reputacion,madre,1,1.0,3,no,no,no,no,si,si,no,no,2.0,2,2,3,5,14,L,9,8,10
424,BG,M,15,U,>=4,J,3.5,otros,otros,cercania,madre,1,2.0,0,no,si,no,si,si,si,si,no,5.0,5,1,1,5,0,L,12,12,13
425,BG,F,17,R,<4,J,2.5,servicios,otros,otros,madre,1,1.0,0,no,si,si,no,si,si,no,no,5.0,2,1,1,3,12,M,8,10,10
426,IC,M,18,R,>=4,J,3.0,otros,otros,cercania,padre,2,1.0,1,no,no,si,no,si,si,no,no,5.0,4,3,4,3,14,M,6,5,5
427,BG,F,16,U,>=4,J,1.5,otros,otros,optativas,madre,1,2.0,0,no,si,no,no,si,si,no,si,4.0,3,5,1,5,0,L,13,12,12
428,BG,M,15,U,<4,J,2.5,docencia,otros,optativas,madre,1,1.0,0,no,no,no,no,si,si,si,no,3.0,5,2,1,3,10,M,18,19,19
429,BG,M,16,U,>=4,J,2.5,otros,otros,cercania,padre,2,1.0,0,no,no,no,no,si,si,si,no,5.0,3,3,1,3,0,L,13,12,12
430,BG,F,18,U,>=4,J,3.0,casa,otros,optativas,padre,1,2.0,0,no,si,no,no,si,si,si,no,4.0,1,4,1,3,8,L,11,12,14
431,BG,M,18,U,<4,J,3.0,docencia,servicios,optativas,madre,2,1.0,0,no,no,si,si,si,si,si,no,4.0,2,3,1,1,8,M,10,11,10
432,BG,F,19,U,>=4,J,3.0,otros,servicios,cercania,otros,1,2.0,2,no,si,si,si,si,si,si,no,4.0,3,5,3,5,15,M,9,9,9
433,IC,F,16,R,<4,J,1.5,otros,otros,reputacion,madre,2,1.0,0,no,no,no,si,si,si,si,no,5.0,4,5,2,2,0,L,14,14,15
434,BG,M,15,U,>=4,J,4.0,servicios,servicios,reputacion,madre,2,2.0,0,no,si,no,si,si,si,si,no,4.0,3,1,1,5,0,M,17,16,17
435,BG,F,16,U,>=4,S,2.0,otros,otros,cercania,madre,1,1.0,1,no,no,no,no,si,si,no,no,5.0,3,4,1,5,12,L,13,11,11
436,BG,M,16,U,>=4,J,4.0,sanidad,otros,optativas,madre,1,1.0,0,no,si,no,si,si,si,si,no,3.0,4,4,2,5,4,L,12,13,13
437,BG,M,17,U,<4,J,3.0,docencia,otros,optativas,madre,2,2.0,0,no,no,si,si,si,si,si,no,4.0,4,4,4,4,4,M,10,9,9
438,BG,F,18,U,<4,J,3.5,sanidad,servicios,optativas,madre,2,1.0,0,no,si,no,no,si,si,si,no,3.0,2,4,2,1,8,L,12,12,15
439,BG,F,17,U,>=4,J,3.5,servicios,otros,optativas,madre,1,3.0,0,no,no,no,no,si,si,si,no,4.0,4,5,2,5,16,M,16,15,15
440,BG,F,15,R,<4,J,2.0,sanidad,servicios,reputacion,madre,2,2.0,0,si,si,si,no,si,si,si,no,4.0,1,3,2,4,2,M,8,9,8
441,IC,F,18,R,>=4,J,2.0,casa,otros,otros,madre,2,3.0,0,no,no,si,no,si,si,no,no,5.0,3,3,2,4,2,M,10,9,10
442,BG,M,15,U,>=4,J,2.5,otros,servicios,optativas,padre,1,1.0,0,si,si,si,si,no,si,si,si,3.0,2,2,2,3,2,M,10,12,12
443,BG,M,18,U,>=4,J,2.5,docencia,servicios,cercania,madre,2,1.0,0,no,no,no,si,si,si,si,no,3.0,2,4,2,3,6,L,11,12,12
444,BG,M,18,U,>=4,J,3.0,sanidad,otros,reputacion,padre,1,2.0,0,no,si,si,si,si,si,si,si,5.0,4,5,2,5,10,M,10,9,10
445,IC,F,18,U,>=4,J,4.0,docencia,docencia,reputacion,madre,2,2.0,0,no,no,no,si,no,si,si,no,4.0,3,5,1,1,0,L,18,18,18
446,BG,F,15,U,>=4,J,2.0,otros,otros,optativas,madre,1,4.0,0,si,si,si,no,si,si,si,no,5.0,1,2,1,3,8,M,7,8,8
447,BG,F,17,U,>=4,J,4.0,sanidad,sanidad,optativas,madre,1,2.0,0,no,no,no,si,si,si,si,no,5.0,3,4,1,5,2,L,14,15,17
448,IC,M,15,U,<4,S,2.0,otros,otros,reputacion,madre,3,4.0,0,no,si,no,si,si,si,no,no,5.0,4,5,2,5,8,L,13,14,14
449,BG,F,17,U,>=4,J,3.0,casa,sanidad,reputacion,madre,2,2.0,0,no,si,no,no,si,si,si,si,4.0,3,3,1,1,6,L,15,16,16
450,BG,F,17,U,>=4,J,1.0,casa,otros,reputacion,madre,1,3.0,1,no,si,no,si,si,si,no,si,4.0,3,4,1,5,0,M,6,5,0
451,BG,M,19,U,>=4,J,1.5,otros,servicios,optativas,otros,1,2.0,1,no,no,no,no,no,si,si,no,4.0,5,2,2,4,3,M,13,11,11
452,BG,M,19,R,>=4,J,2.5,otros,servicios,reputacion,padre,1,2.0,1,no,no,no,si,si,si,no,si,4.0,5,3,1,5,0,M,15,12,12
453,IC,F,16,U,<4,J,2.5,otros,otros,cercania,madre,2,2.0,0,no,si,no,si,si,si,si,no,1.0,2,4,2,1,8,L,9,10,10
454,BG,M,18,U,<4,J,3.5,servicios,otros,cercania,madre,1,2.0,0,no,no,no,si,si,si,si,si,4.0,3,3,2,5,6,L,16,16,17
455,BG,F,16,U,>=4,S,3.0,otros,otros,optativas,otros,2,1.0,2,no,si,no,si,no,si,si,si,4.0,3,2,1,5,0,M,4,0,0
456,IC,F,17,U,>=4,S,1.5,otros,otros,otros,madre,2,2.0,0,no,no,no,no,si,si,si,si,4.0,4,5,1,4,1,L,11,9,10
457,BG,F,18,U,>=4,J,2.0,otros,otros,optativas,madre,1,1.0,0,no,si,no,si,si,si,si,si,4.0,3,5,3,5,2,L,10,10,10
458,IC,F,19,R,>=4,J,1.0,casa,otros,optativas,otros,2,2.0,1,no,si,no,no,si,si,si,si,4.0,3,3,1,3,4,L,7,8,9
459,BG,M,16,U,<4,J,2.0,otros,otros,reputacion,madre,2,2.0,0,no,si,no,si,si,si,si,no,5.0,4,4,3,5,2,L,10,10,10
460,BG,M,15,U,<4,J,3.0,otros,otros,optativas,madre,1,2.0,0,no,no,no,si,no,si,si,no,5.0,3,2,1,2,0,L,13,12,12
461,BG,F,16,U,>=4,J,1.0,servicios,servicios,optativas,padre,4,1.0,0,si,si,no,si,no,si,si,si,5.0,5,5,5,5,0,L,10,10,16
462,BG,F,16,U,<4,J,1.0,casa,casa,optativas,madre,1,1.0,0,no,no,no,no,si,si,si,no,3.0,4,4,3,1,2,M,14,14,13
463,BG,F,16,U,<4,J,3.0,otros,sanidad,optativas,padre,2,2.0,0,no,si,no,si,si,si,si,si,4.0,2,2,1,5,2,L,14,12,13
464,BG,F,15,U,>=4,J,1.5,casa,otros,optativas,madre,1,2.0,0,no,si,si,no,no,si,si,no,4.0,3,2,1,5,2,M,10,11,11
465,IC,F,17,R,>=4,J,1.5,otros,servicios,optativas,padre,2,2.0,0,no,no,no,no,no,si,no,no,3.0,2,2,1,3,0,M,12,11,12
466,IC,F,18,R,>=4,J,1.0,casa,otros,otros,madre,1,2.0,1,no,si,no,no,si,si,si,si,4.0,3,2,1,5,9,L,7,7,7
467,BG,F,15,U,>=4,J,2.5,servicios,otros,cercania,madre,2,2.0,0,si,si,no,no,si,si,si,no,4.0,3,5,1,2,16,L,11,10,10
468,BG,F,15,U,<4,J,3.0,sanidad,otros,otros,madre,1,2.0,0,no,si,no,no,si,si,si,no,4.0,3,3,1,5,0,L,16,14,16
469,BG,F,17,U,>=4,J,2.5,sanidad,sanidad,reputacion,padre,1,4.0,0,no,si,si,si,no,si,si,no,5.0,2,2,1,5,0,M,17,17,18
470,BG,F,19,U,>=4,J,0.5,casa,otros,optativas,otros,1,2.0,2,no,si,no,no,no,no,no,no,3.0,4,2,1,5,0,L,9,10,11
471,IC,M,15,U,>=4,J,3.0,servicios,servicios,optativas,padre,2,1.0,0,no,si,no,si,no,si,si,no,4.0,3,3,3,3,11,L,12,10,11
472,BG,M,18,U,<4,J,1.0,otros,otros,optativas,madre,1,1.0,3,no,no,no,no,si,no,si,si,2.0,3,5,3,4,0,M,6,5,0
473,IC,F,16,U,>=4,J,1.0,casa,otros,optativas,padre,1,2.0,0,no,si,no,no,no,si,no,si,5.0,4,3,2,2,0,L,13,14,15
474,IC,M,18,U,<4,J,4.0,servicios,otros,reputacion,madre,1,1.0,0,no,si,no,si,si,si,si,no,5.0,4,5,1,5,3,L,17,17,17
475,BG,F,18,U,>=4,J,1.5,otros,otros,optativas,otros,2,3.0,0,no,si,no,no,no,si,si,si,4.0,4,4,1,3,10,L,12,10,11
476,IC,F,16,U,>=4,S,2.5,servicios,casa,optativas,madre,2,2.0,2,no,si,no,si,si,si,no,si,2.0,5,5,1,1,8,L,5,5,7
477,IC,F,18,U,>=4,J,3.0,servicios,servicios,optativas,padre,1,2.0,0,no,si,no,no,si,si,no,si,5.0,3,4,1,5,0,M,10,9,9
478,BG,M,15,U,>=4,S,3.0,otros,servicios,reputacion,madre,1,4.0,0,no,si,no,si,no,si,si,si,1.0,3,3,5,3,0,L,11,12,12
479,BG,F,16,U,>=4,J,2.0,servicios,docencia,otros,madre,1,2.0,0,si,no,no,no,si,si,si,no,2.0,3,1,1,3,2,M,16,16,17
480,BG,M,18,R,<4,J,3.0,otros,servicios,optativas,madre,1,2.0,0,no,si,no,no,si,si,si,si,4.0,3,3,2,5,8,L,10,9,10
481,BG,F,16,U,>=4,J,1.5,casa,otros,cercania,madre,2,1.0,0,no,si,si,no,si,si,no,no,4.0,3,2,2,5,6,M,9,9,10
482,IC,F,20,U,>=4,J,3.0,casa,servicios,otros,madre,2,2.0,1,no,no,no,si,si,si,si,si,3.0,3,4,3,3,8,L,11,9,10
483,BG,F,15,U,>=4,J,1.5,casa,servicios,optativas,madre,1,2.0,0,no,no,no,no,no,si,si,no,3.0,2,3,1,1,0,L,14,14,14
484,IC,M,20,R,>=4,J,1.0,otros,otros,optativas,otros,2,1.0,1,no,si,no,no,si,no,si,si,4.0,4,3,3,4,12,L,8,11,10
485,BG,F,18,U,<4,J,1.5,servicios,casa,reputacion,madre,1,2.0,1,no,no,no,no,si,si,si,si,4.0,4,3,1,5,12,M,12,12,13
486,BG,F,16,U,>=4,J,2.5,docencia,servicios,cercania,madre,2,2.0,0,no,si,si,si,si,si,si,no,5.0,3,3,1,1,0,M,11,10,10
487,IC,F,19,U,<4,J,2.5,servicios,servicios,cercania,otros,2,2.0,2,no,no,no,si,si,si,no,si,3.0,2,2,1,3,4,M,7,7,9
488,BG,F,18,U,<4,S,3.0,servicios,otros,optativas,madre,2,2.0,1,no,si,no,no,si,si,si,no,4.0,3,3,1,3,18,L,10,10,10
489,BG,M,17,R,>=4,J,2.0,otros,servicios,otros,madre,2,1.0,0,no,no,no,no,no,no,no,no,5.0,2,2,1,4,0,L,9,10,10
490,BG,M,17,U,<4,J,4.0,docencia,otros,reputacion,madre,1,2.0,0,no,si,no,si,si,si,si,no,4.0,4,4,2,5,0,L,11,9,10
491,BG,F,17,R,>=4,S,2.5,otros,otros,cercania,madre,1,2.0,0,no,si,si,no,si,si,si,no,4.0,3,3,2,2,4,M,9,10,10
492,BG,F,17,U,>=4,J,3.0,otros,docencia,optativas,madre,1,1.0,0,si,si,no,no,si,si,no,si,4.0,2,1,1,4,0,M,11,11,12
493,BG,F,16,U,>=4,S,2.0,otros,otros,reputacion,madre,1,2.0,0,si,si,no,no,si,si,si,no,3.0,3,4,1,4,0,L,13,13,13
494,IC,F,15,R,<4,J,2.0,otros,otros,otros,padre,1,3.0,0,si,si,no,no,si,si,no,no,4.0,4,3,2,5,2,L,14,11,12
495,BG,M,16,U,>=4,J,2.0,servicios,otros,reputacion,padre,2,2.0,1,no,no,si,si,no,si,si,no,4.0,4,2,1,3,12,M,11,10,10
496,BG,M,15,U,<4,J,2.0,servicios,servicios,cercania,madre,2,2.0,0,no,no,si,si,si,si,si,no,5.0,3,3,2,4,4,M,15,15,15
497,BG,M,17,R,<4,J,1.5,otros,otros,reputacion,madre,1,1.0,0,no,no,no,no,si,si,no,no,2.0,2,2,3,5,8,M,16,12,13
498,BG,F,18,U,>=4,J,2.5,otros,servicios,otros,madre,1,3.0,0,no,no,no,no,si,si,si,si,5.0,4,3,2,1,4,L,14,16,17
499,BG,M,16,U,>=4,J,4.0,servicios,servicios,otros,madre,1,1.0,0,si,si,no,si,si,si,si,no,4.0,5,5,5,4,12,L,9,9,8
500,BG,M,18,U,<4,J,2.0,otros,otros,optativas,madre,1,4.0,0,no,si,no,si,si,si,si,no,4.0,5,5,3,5,2,M,9,8,8
501,BG,F,15,U,>=4,J,2.0,servicios,otros,reputacion,padre,3,3.0,0,no,si,no,si,si,si,si,no,5.0,2,2,1,4,0,L,10,12,13
502,BG,F,16,U,>=4,J,2.0,servicios,servicios,cercania,madre,1,1.0,0,no,si,no,no,no,si,si,no,1.0,2,2,2,5,6,L,10,11,12
503,BG,M,15,U,>=4,J,4.0,otros,docencia,reputacion,padre,2,2.0,0,no,si,no,si,si,si,no,no,4.0,4,3,1,2,2,M,11,13,14
504,BG,M,16,U,>=4,J,2.0,otros,otros,reputacion,madre,1,1.0,0,no,no,no,si,si,si,no,no,5.0,3,2,2,5,2,M,12,12,14
505,BG,F,16,U,<4,J,1.0,casa,casa,optativas,madre,1,1.0,0,no,no,no,no,si,si,si,no,3.0,4,4,3,1,4,L,10,11,11
506,BG,F,19,U,<4,S,1.0,otros,otros,optativas,otros,3,2.0,2,no,si,no,no,no,si,si,si,5.0,3,4,1,4,2,L,8,8,9
507,BG,F,15,U,>=4,J,2.5,servicios,otros,cercania,madre,2,2.0,0,si,si,si,no,si,si,si,no,4.0,3,5,1,2,26,M,7,6,6
508,BG,F,16,U,>=4,J,2.0,casa,otros,cercania,madre,1,2.0,1,si,no,no,si,si,si,si,no,3.0,1,2,1,5,12,L,8,10,10
509,BG,M,15,R,>=4,J,1.5,sanidad,servicios,reputacion,madre,1,2.0,0,no,no,no,si,si,si,si,si,5.0,4,2,1,5,4,L,10,9,10
510,IC,M,17,R,<4,J,1.5,casa,servicios,reputacion,madre,1,1.0,0,no,si,no,si,si,si,si,no,5.0,5,5,5,3,4,L,10,11,11
511,BG,M,15,U,>=4,J,2.5,otros,otros,cercania,madre,1,3.0,0,si,no,no,no,no,si,si,no,4.0,3,2,1,5,2,L,10,9,9
512,IC,M,19,R,>=4,J,1.0,otros,servicios,cercania,otros,3,2.0,1,no,no,no,no,si,si,si,no,5.0,4,4,3,2,8,L,10,9,11
513,BG,M,17,R,>=4,J,1.5,casa,casa,cercania,madre,1,2.0,0,no,si,no,si,no,si,no,si,3.0,5,2,2,1,2,L,16,17,18
514,BG,F,17,U,>=4,J,3.5,docencia,docencia,optativas,madre,2,3.0,0,no,si,si,no,no,si,si,si,4.0,3,3,1,4,4,M,14,14,14
515,BG,F,16,U,>=4,J,3.0,servicios,otros,optativas,madre,1,2.0,0,no,si,si,no,si,si,si,no,4.0,2,3,1,5,2,L,16,15,16
516,IC,F,15,R,<4,J,1.5,casa,otros,cercania,madre,2,1.0,0,no,no,no,no,si,no,no,no,1.0,3,4,1,1,0,L,6,8,9
517,BG,F,18,U,>=4,J,2.5,otros,docencia,cercania,madre,1,2.0,0,si,si,no,no,no,si,no,si,3.0,4,4,1,5,2,L,10,10,11
518,BG,F,17,U,>=4,J,2.5,otros,otros,optativas,madre,1,2.0,0,no,no,no,si,no,si,si,no,5.0,3,4,2,3,10,M,16,15,15
519,BG,F,18,U,>=4,J,1.5,otros,otros,optativas,otros,2,3.0,0,no,si,si,no,no,si,si,si,4.0,4,4,1,3,0,M,7,0,0
520,BG,F,17,R,>=4,J,3.5,docencia,otros,reputacion,madre,2,3.0,0,no,si,si,si,si,si,si,si,4.0,4,2,1,4,6,M,7,7,7
521,IC,M,17,U,>=4,J,2.5,otros,servicios,cercania,padre,2,2.0,0,no,no,no,si,si,si,si,no,4.0,4,3,1,3,4,L,14,15,16
522,IC,M,18,R,<4,J,1.5,casa,servicios,otros,padre,3,1.0,0,no,si,no,si,si,no,si,si,4.0,3,3,2,3,3,L,9,10,10
523,BG,F,17,U,>=4,J,2.0,servicios,servicios,optativas,padre,1,3.0,0,no,si,no,no,no,si,si,no,3.0,4,3,2,5,1,M,12,14,15
524,BG,F,16,U,>=4,J,2.0,otros,otros,cercania,madre,1,2.0,0,no,si,no,no,no,si,si,no,5.0,1,5,1,4,0,L,12,12,13
525,BG,M,18,U,<4,J,4.0,docencia,docencia,cercania,madre,1,1.0,0,no,si,no,no,si,si,si,si,1.0,4,2,2,1,0,L,18,18,17
526,BG,M,16,U,<4,J,1.0,servicios,otros,optativas,madre,1,2.0,1,no,no,no,no,si,si,no,si,4.0,4,4,2,5,0,M,14,12,12
527,BG,M,16,U,>=4,J,4.0,sanidad,otros,reputacion,padre,1,2.0,0,no,si,no,si,si,si,si,no,4.0,2,4,3,1,0,L,13,13,14
528,BG,F,15,U,>=4,J,3.0,sanidad,servicios,cercania,madre,1,3.0,0,no,si,si,si,si,si,si,si,3.0,2,2,1,5,2,M,15,14,15
529,BG,M,16,U,>=4,J,3.0,otros,servicios,cercania,padre,2,1.0,0,no,no,no,si,si,si,si,no,5.0,4,2,1,5,0,M,13,14,13
530,BG,F,17,R,<4,J,2.5,servicios,servicios,optativas,madre,1,3.0,0,no,si,no,si,si,si,si,no,3.0,3,2,2,3,0,L,11,11,10
531,BG,M,15,U,>=4,J,3.0,docencia,otros,cercania,madre,1,2.0,0,no,si,si,no,si,si,no,no,4.0,3,3,2,5,2,M,15,15,14
532,BG,F,17,R,<4,J,1.5,casa,otros,optativas,madre,2,3.0,0,no,no,no,si,si,si,si,no,4.0,3,3,2,5,4,L,15,14,15
533,BG,F,17,U,>=4,J,3.5,casa,servicios,cercania,madre,1,3.0,1,no,si,si,no,si,si,si,si,4.0,4,3,3,5,14,L,8,9,8
534,BG,F,20,R,>=4,J,1.5,otros,otros,optativas,otros,2,2.0,0,no,si,si,si,si,no,si,si,1.0,2,3,1,2,8,L,10,12,12
535,BG,F,18,R,>=4,J,2.5,casa,otros,optativas,madre,2,4.0,0,no,no,no,si,si,si,no,no,4.0,4,4,1,4,6,L,14,13,14
536,IC,F,18,R,>=4,J,2.0,servicios,otros,cercania,madre,2,3.0,0,no,no,no,no,si,si,si,si,4.0,2,1,1,4,5,L,14,14,15
537,BG,F,19,U,<4,S,2.5,casa,otros,cercania,otros,2,1.0,1,no,no,no,no,si,no,si,no,2.0,2,3,3,5,16,L,10,11,11
538,BG,F,18,U,<4,J,2.5,docencia,otros,optativas,madre,1,2.0,0,no,si,no,si,si,si,si,no,4.0,2,2,1,3,0,L,14,17,17
539,IC,F,16,R,>=4,J,2.5,casa,servicios,otros,madre,2,2.0,0,no,si,no,si,si,si,si,no,3.0,3,3,1,2,0,L,8,10,10
540,IC,F,17,R,>=4,J,1.5,otros,otros,optativas,madre,1,1.0,0,no,no,no,si,si,si,si,no,3.0,5,5,2,1,14,M,6,5,5
541,BG,M,16,U,>=4,J,1.0,otros,otros,otros,madre,1,1.0,0,no,no,no,no,no,si,si,no,4.0,3,2,3,5,0,L,11,12,11
542,BG,M,16,U,<4,J,1.5,casa,otros,optativas,madre,1,1.0,1,no,no,no,si,si,si,no,si,4.0,4,4,4,5,6,L,9,10,10
543,BG,M,15,U,>=4,J,3.5,sanidad,servicios,cercania,madre,1,2.0,0,no,si,si,no,no,si,si,no,5.0,4,2,3,5,0,M,9,11,12
544,IC,M,18,R,>=4,J,2.5,otros,otros,optativas,madre,2,1.0,1,no,si,no,no,no,si,si,no,2.0,5,5,5,5,10,M,11,13,13
545,BG,M,15,U,>=4,J,2.0,docencia,otros,optativas,madre,2,4.0,0,no,no,no,si,si,si,si,no,3.0,4,3,1,1,0,L,12,11,11
546,IC,F,16,R,>=4,J,2.0,otros,otros,optativas,padre,3,2.0,0,no,si,no,no,si,no,si,no,3.0,4,5,1,1,1,L,9,10,11
547,BG,F,16,U,>=4,J,3.5,docencia,servicios,cercania,madre,1,3.0,0,no,si,no,si,no,si,si,no,5.0,3,2,1,5,0,M,13,13,14
548,BG,M,15,R,>=4,J,4.0,otros,otros,cercania,padre,4,4.0,0,no,si,no,si,si,si,si,si,1.0,3,5,4,1,8,L,12,10,11
549,BG,F,18,R,>=4,J,2.0,otros,otros,cercania,madre,1,2.0,0,si,no,no,no,si,si,no,no,3.0,2,3,1,5,4,L,11,11,13
550,BG,F,19,U,>=4,J,3.0,otros,otros,reputacion,otros,1,4.0,0,no,si,si,si,si,si,si,no,4.0,3,3,1,3,10,M,8,8,8
551,BG,M,17,U,>=4,J,3.0,servicios,servicios,otros,madre,1,2.0,0,no,si,no,si,si,si,si,si,4.0,3,4,2,4,6,L,11,13,14
552,BG,F,15,U,<4,J,2.5,servicios,otros,reputacion,madre,1,2.0,0,no,si,no,no,si,si,si,no,4.0,4,4,1,5,4,L,12,11,11
553,BG,M,20,U,>=4,S,2.5,servicios,otros,optativas,otros,1,1.0,0,no,no,no,si,si,si,no,no,5.0,5,3,1,5,0,M,17,18,18
554,BG,F,17,U,<4,J,2.0,servicios,otros,optativas,madre,2,2.0,0,si,si,no,no,si,si,si,si,4.0,4,4,2,5,0,L,12,12,12
555,BG,F,18,U,>=4,J,2.0,casa,casa,otros,madre,1,3.0,0,no,si,no,no,si,si,si,no,4.0,3,3,1,2,0,L,18,18,18
556,BG,M,17,U,>=4,J,4.0,servicios,docencia,cercania,madre,1,1.0,0,no,no,no,no,si,si,si,no,5.0,2,3,1,5,4,L,13,13,14
557,BG,F,16,U,<4,S,3.0,otros,servicios,cercania,madre,1,2.0,0,no,si,no,no,si,si,si,no,2.0,3,5,2,3,12,M,11,12,11
558,BG,F,15,U,>=4,J,3.5,docencia,servicios,optativas,madre,1,3.0,0,no,si,si,si,si,si,si,no,4.0,2,2,1,5,2,M,9,11,11
559,BG,M,17,U,>=4,J,1.5,otros,otros,cercania,madre,2,1.0,3,si,si,no,si,si,no,si,no,4.0,5,1,1,3,0,L,9,9,10
560,BG,M,17,R,<4,J,1.0,otros,servicios,optativas,madre,4,2.0,0,no,no,no,si,si,no,no,si,5.0,3,5,2,5,0,L,8,8,8
561,BG,M,16,U,>=4,J,4.0,servicios,docencia,otros,padre,1,3.0,0,no,si,no,si,si,si,si,si,4.0,4,3,1,4,0,M,16,17,17
562,BG,F,18,R,>=4,J,2.0,otros,otros,reputacion,madre,2,2.0,0,no,si,no,no,si,no,si,si,4.0,3,5,1,3,0,M,6,0,0
563,BG,F,15,U,>=4,J,4.0,servicios,docencia,otros,padre,1,2.0,0,si,si,no,si,no,si,si,no,4.0,4,4,1,3,2,L,13,12,12
564,BG,F,16,U,>=4,S,1.5,otros,otros,otros,madre,1,2.0,0,no,no,si,si,si,si,si,si,5.0,3,4,1,2,8,M,8,9,10
565,BG,M,18,U,<4,J,3.5,docencia,servicios,optativas,madre,2,1.0,0,no,no,no,si,si,si,si,no,4.0,2,3,1,1,0,L,10,10,10
566,BG,F,16,U,>=4,J,3.0,docencia,otros,otros,madre,1,2.0,0,no,no,no,si,si,si,si,si,1.0,3,2,1,1,4,L,14,15,15
567,BG,F,19,R,>=4,S,2.0,servicios,casa,cercania,otros,1,3.0,1,no,no,si,no,si,si,no,no,5.0,4,3,1,5,12,M,14,13,13
568,IC,M,17,U,>=4,J,3.0,servicios,casa,optativas,madre,2,4.0,1,no,si,si,si,si,si,no,no,5.0,4,5,3,5,0,L,10,11,10
569,BG,M,15,R,>=4,J,2.5,casa,servicios,optativas,madre,1,2.0,0,si,no,si,si,si,si,no,no,4.0,4,4,1,1,0,L,7,8,8
570,BG,M,16,U,>=4,J,4.0,docencia,docencia,optativas,padre,1,2.0,0,no,si,no,si,si,si,si,no,5.0,4,4,1,5,6,L,16,14,14
571,BG,M,16,U,<4,J,2.0,otros,otros,cercania,madre,1,2.0,0,no,no,no,no,si,si,si,no,4.0,4,4,1,3,0,M,12,12,11
572,BG,M,18,U,>=4,J,4.0,otros,otros,optativas,madre,1,3.0,0,no,no,no,si,si,si,si,no,4.0,3,3,2,3,3,M,9,12,11
573,BG,M,16,U,>=4,J,2.5,otros,otros,optativas,madre,2,3.0,0,no,si,no,no,no,si,si,si,3.0,2,3,2,1,4,L,13,12,13
574,BG,M,17,U,>=4,J,3.5,otros,otros,optativas,madre,1,2.0,0,no,si,no,si,si,si,si,si,5.0,2,3,1,2,4,M,10,10,11
575,BG,F,15,R,>=4,J,3.0,servicios,servicios,reputacion,otros,2,2.0,2,no,si,si,si,si,si,si,si,4.0,2,1,2,3,8,M,10,10,10
576,BG,M,16,U,<4,J,3.0,sanidad,otros,cercania,padre,1,1.0,0,no,no,no,si,si,si,si,no,3.0,1,3,2,5,6,L,12,12,12
577,BG,F,16,U,>=4,J,2.5,otros,otros,reputacion,madre,3,2.0,0,si,si,no,si,si,si,no,no,5.0,3,2,1,4,2,L,13,14,14
578,BG,M,18,U,<4,J,1.5,casa,otros,optativas,madre,4,2.0,0,si,si,si,si,si,si,si,si,4.0,3,2,4,3,14,M,10,8,9
579,IC,F,15,R,>=4,J,1.0,casa,servicios,otros,madre,1,1.0,1,no,si,no,no,si,si,no,si,4.0,1,3,1,2,6,L,10,10,10
580,BG,F,17,U,>=4,J,4.0,servicios,docencia,cercania,madre,2,1.0,1,no,si,no,no,si,si,si,no,4.0,2,4,2,2,24,M,18,18,18
581,IC,F,17,U,<4,J,1.5,casa,otros,optativas,padre,1,1.0,0,no,no,no,no,si,si,si,no,5.0,5,1,1,3,0,L,7,10,10
582,BG,F,16,U,>=4,J,1.5,casa,otros,cercania,madre,2,1.0,0,no,si,no,no,si,si,no,no,4.0,3,2,2,5,2,L,12,13,13
583,BG,F,16,U,<4,J,2.5,otros,otros,reputacion,madre,2,2.0,0,no,si,no,si,si,si,si,no,4.0,4,5,1,4,0,L,14,14,15
584,BG,M,18,U,>=4,J,3.0,docencia,otros,cercania,madre,1,2.0,0,no,si,no,si,si,si,si,si,4.0,3,2,2,5,2,L,15,16,16
585,BG,F,15,U,>=4,J,4.0,servicios,servicios,reputacion,padre,2,2.0,2,no,no,si,no,si,si,si,si,4.0,4,4,2,5,6,M,7,9,8
586,BG,M,19,R,>=4,J,2.5,casa,servicios,cercania,otros,1,1.0,0,no,si,no,no,no,si,no,si,5.0,3,4,2,5,0,L,11,10,10
587,BG,F,16,U,>=4,J,3.0,otros,servicios,cercania,madre,1,2.0,0,si,si,si,si,si,si,si,no,4.0,3,3,3,5,54,M,11,12,11
588,BG,M,15,U,<4,S,4.0,docencia,docencia,optativas,madre,1,1.0,0,no,no,no,si,si,si,si,no,5.0,5,3,1,4,6,M,18,19,19
589,BG,F,16,U,>=4,J,4.0,docencia,servicios,cercania,madre,1,3.0,0,no,si,no,si,no,si,si,no,5.0,3,2,1,5,4,L,15,16,16
590,BG,F,19,U,>=4,J,0.5,casa,otros,optativas,otros,1,2.0,3,no,si,no,no,no,no,no,no,3.0,4,2,1,5,2,M,7,8,9
591,IC,F,18,U,>=4,J,2.5,casa,servicios,optativas,padre,2,1.0,0,no,si,si,no,si,si,si,si,5.0,2,3,1,4,0,M,11,10,10
592,BG,F,16,R,>=4,J,3.0,servicios,otros,reputacion,padre,1,3.0,1,si,si,no,si,si,si,si,no,4.0,1,2,1,2,0,M,7,10,10
593,BG,M,18,R,<4,J,3.0,otros,servicios,optativas,madre,1,2.0,1,no,si,no,no,si,si,si,si,4.0,3,3,2,5,8,M,3,5,5
594,BG,F,18,R,>=4,J,4.0,docencia,otros,reputacion,madre,2,2.0,0,no,no,si,si,si,si,si,no,4.0,3,4,2,4,8,M,12,10,11
595,BG,M,16,U,<4,J,1.5,otros,otros,optativas,madre,1,2.0,0,no,no,si,si,si,si,si,si,4.0,2,3,1,5,0,M,15,15,15
596,BG,F,15,U,<4,J,3.0,sanidad,otros,otros,madre,1,2.0,0,no,si,si,no,si,si,si,no,4.0,3,3,1,5,2,M,11,13,13
597,BG,F,16,U,>=4,J,2.0,casa,servicios,cercania,madre,1,2.0,3,no,no,no,si,no,si,si,si,4.0,3,5,1,3,0,M,8,7,0
598,BG,M,18,U,<4,J,4.0,otros,otros,reputacion,padre,1,1.0,0,no,si,no,no,si,si,si,no,4.0,2,5,3,5,2,L,8,9,11
599,IC,F,16,R,<4,J,2.0,otros,otros,optativas,madre,1,3.0,0,no,si,no,no,no,si,no,si,4.0,3,3,2,5,2,L,11,11,11
600,IC,F,19,U,<4,S,1.0,casa,otros,optativas,madre,1,1.0,0,no,si,no,no,si,no,no,no,1.0,4,4,1,5,0,L,6,8,7
601,IC,F,16,R,<4,J,1.5,casa,otros,optativas,madre,1,2.0,0,no,no,no,si,si,no,si,no,4.0,4,5,2,3,0,L,8,9,9
602,BG,F,16,R,>=4,J,1.0,casa,otros,optativas,madre,4,2.0,0,no,si,no,no,si,si,no,no,5.0,1,3,1,3,0,L,14,13,13
603,BG,M,16,U,>=4,J,2.0,casa,servicios,optativas,padre,1,1.0,1,no,no,no,no,si,no,si,no,5.0,3,3,2,2,2,L,9,8,8
604,BG,M,17,R,>=4,J,2.0,otros,otros,optativas,padre,2,2.0,0,no,si,si,si,si,si,si,no,4.0,5,2,1,1,4,M,11,11,11
605,BG,F,15,U,>=4,J,1.0,casa,otros,optativas,madre,3,1.0,0,no,si,no,si,no,si,si,si,4.0,3,3,1,4,0,M,8,0,0
606,BG,M,16,U,>=4,J,3.0,servicios,otros,cercania,madre,1,2.0,0,no,no,si,si,si,si,si,si,4.0,2,3,1,3,2,M,12,13,12
607,BG,M,17,R,>=4,J,1.5,otros,otros,optativas,madre,1,1.0,0,no,no,no,no,no,si,si,no,4.0,4,2,3,5,0,M,8,12,12
608,BG,M,17,U,>=4,J,1.5,otros,otros,cercania,madre,1,1.0,0,no,si,no,no,si,si,si,no,5.0,4,5,1,5,22,L,9,7,6
609,BG,F,18,U,>=4,J,4.0,docencia,otros,optativas,madre,1,2.0,0,no,si,no,no,si,si,si,no,4.0,4,4,3,5,0,L,12,11,13
610,IC,F,16,R,>=4,J,1.0,casa,otros,optativas,padre,2,2.0,3,si,si,no,no,si,si,no,no,3.0,4,3,1,1,0,L,7,7,8
611,BG,F,15,R,>=4,J,3.0,servicios,servicios,reputacion,otros,2,3.0,0,no,si,si,si,si,si,si,si,4.0,2,1,2,3,2,L,13,13,13
612,BG,F,18,U,<4,J,1.0,otros,otros,cercania,madre,2,2.0,0,no,si,si,no,no,si,no,no,4.0,4,3,1,3,2,M,11,11,11
613,BG,M,19,U,>=4,J,3.0,sanidad,otros,optativas,madre,2,2.0,0,no,si,no,si,si,si,si,si,5.0,4,4,1,1,9,L,11,10,10
614,IC,M,17,U,<4,J,2.0,servicios,servicios,optativas,madre,2,1.0,0,no,no,no,no,no,si,si,no,2.0,4,5,3,2,3,M,14,16,16
615,IC,M,15,R,<4,J,2.5,sanidad,servicios,reputacion,padre,1,2.0,0,no,si,no,si,si,si,si,no,5.0,3,4,1,2,7,L,7,9,8
616,BG,F,15,U,>=4,J,1.5,servicios,otros,reputacion,padre,3,3.0,0,no,si,no,si,si,si,si,no,5.0,2,2,1,4,4,M,10,12,12
617,BG,M,18,R,<4,J,2.5,servicios,otros,reputacion,madre,2,3.0,0,no,si,si,si,si,si,si,no,5.0,4,2,1,4,8,M,14,13,14
618,IC,F,17,U,>=4,J,2.0,otros,casa,optativas,madre,1,1.0,0,no,si,no,si,si,no,no,no,4.0,5,3,1,5,4,L,9,9,10
619,BG,M,15,U,>=4,J,4.0,servicios,docencia,optativas,padre,1,2.0,0,no,si,no,si,si,si,si,no,4.0,3,3,1,5,2,M,19,18,18
620,BG,M,22,U,>=4,J,2.0,servicios,servicios,otros,madre,1,1.0,3,no,no,no,no,no,no,si,si,5.0,4,5,5,1,12,L,7,8,5
621,IC,M,16,R,<4,S,4.0,casa,otros,cercania,madre,1,2.0,0,no,si,no,no,si,si,no,no,5.0,3,2,2,2,5,L,10,11,11
622,BG,F,17,U,>=4,J,2.0,casa,casa,optativas,madre,1,3.0,0,no,si,no,si,si,si,si,no,4.0,3,3,1,4,0,L,12,12,13
623,IC,F,16,U,>=4,J,2.0,otros,servicios,optativas,padre,1,1.0,1,no,si,si,si,no,si,si,no,4.0,4,3,2,3,1,L,9,10,10
624,BG,F,16,U,>=4,J,2.0,otros,otros,cercania,madre,1,2.0,0,no,no,no,no,si,si,si,si,5.0,4,4,1,5,0,L,12,11,11
625,BG,F,17,U,>=4,J,2.0,otros,otros,optativas,padre,2,2.0,0,no,no,no,si,si,si,si,si,4.0,2,1,1,3,2,L,11,12,14
626,IC,M,16,R,<4,J,2.5,otros,casa,otros,padre,1,1.0,0,no,no,no,no,si,si,si,no,4.0,1,2,2,2,0,L,10,11,11
627,BG,M,16,U,>=4,J,1.5,otros,otros,reputacion,madre,2,2.0,0,no,si,no,si,si,si,si,si,4.0,3,2,1,3,0,L,16,17,18
628,BG,F,18,U,>=4,S,4.0,casa,docencia,optativas,madre,2,2.0,0,si,no,no,no,si,si,no,no,4.0,3,4,1,3,4,L,0,11,11
629,BG,M,16,U,>=4,J,3.0,servicios,otros,cercania,padre,1,3.0,0,no,si,no,si,si,si,si,no,5.0,3,3,1,5,2,M,16,18,18
630,BG,F,16,U,>=4,S,2.0,otros,otros,reputacion,madre,1,2.0,0,si,si,si,no,si,si,si,no,3.0,3,4,1,4,0,M,12,13,14
631,BG,M,16,U,<4,S,3.5,servicios,otros,cercania,madre,1,2.0,0,si,si,no,si,si,si,si,no,5.0,3,3,1,5,4,M,11,11,11
632,BG,M,17,U,>=4,J,2.5,otros,otros,optativas,padre,2,1.0,0,no,no,no,no,si,si,si,no,5.0,2,2,1,2,2,L,9,12,13
633,IC,F,18,U,>=4,S,3.0,otros,servicios,reputacion,padre,1,2.0,1,no,si,no,no,si,si,si,no,2.0,3,2,2,1,8,L,8,5,8
634,IC,M,16,R,>=4,J,3.5,otros,sanidad,otros,madre,3,2.0,0,no,no,no,no,no,si,no,no,3.0,4,5,1,5,4,L,9,10,11
635,BG,F,16,U,<4,J,2.0,otros,casa,optativas,padre,2,2.0,1,si,no,no,si,si,si,si,no,4.0,3,3,2,5,14,L,10,11,11
636,BG,F,19,U,<4,J,2.5,servicios,otros,reputacion,otros,2,2.0,1,no,si,si,no,no,si,si,si,4.0,2,2,1,1,22,M,13,10,11
637,BG,M,18,U,<4,S,4.0,docencia,docencia,reputacion,madre,1,2.0,0,no,si,no,si,si,si,si,no,5.0,4,3,1,2,0,L,17,17,17
638,BG,M,16,U,>=4,J,2.0,otros,otros,optativas,padre,1,2.0,0,no,no,no,no,si,no,si,no,4.0,3,5,3,4,4,M,10,10,10
639,IC,M,17,R,>=4,J,2.0,otros,otros,optativas,madre,2,1.0,0,no,no,no,si,si,no,no,si,5.0,5,5,4,5,0,L,8,13,10
640,BG,F,17,U,>=4,J,3.0,casa,otros,optativas,madre,1,1.0,0,no,si,si,si,si,si,si,no,4.0,2,5,3,5,2,L,11,12,11
641,IC,M,16,U,>=4,J,1.5,sanidad,servicios,otros,madre,2,2.0,0,no,no,no,no,no,si,si,si,4.0,2,2,2,5,2,L,9,7,8
642,BG,M,16,U,<4,J,1.5,casa,otros,optativas,madre,1,1.0,1,no,no,no,si,si,si,no,si,4.0,4,4,4,5,6,M,12,13,14
643,IC,F,16,R,<4,J,1.0,servicios,servicios,cercania,madre,1,1.0,0,no,si,no,si,si,si,si,si,4.0,4,4,2,4,2,L,14,14,14
644,BG,M,18,U,>=4,J,1.5,servicios,servicios,reputacion,madre,1,3.0,0,no,no,no,si,si,si,si,no,4.0,2,4,2,2,0,L,14,15,15
645,BG,F,16,R,>=4,J,1.0,otros,servicios,reputacion,madre,2,1.0,0,no,si,no,si,si,si,no,si,3.0,3,3,1,1,8,L,12,11,11
646,BG,M,16,U,>=4,J,1.0,otros,otros,otros,madre,1,1.0,0,no,no,si,no,no,si,si,no,4.0,3,2,3,5,0,M,13,15,15
647,BG,M,16,U,<4,J,2.0,servicios,servicios,reputacion,padre,2,2.0,2,no,si,no,si,si,si,si,no,2.0,3,3,2,2,8,M,9,9,9
648,BG,M,16,U,>=4,J,2.5,servicios,servicios,optativas,madre,2,1.0,1,no,si,no,si,no,no,no,no,4.0,5,2,1,2,16,M,12,11,12
649,BG,F,17,U,>=4,J,4.0,servicios,docencia,cercania,madre,2,1.0,1,no,si,no,no,si,si,si,no,4.0,2,4,2,2,30,L,14,15,16
650,IC,F,18,U,>=4,J,1.5,otros,otros,optativas,madre,3,2.0,2,no,no,no,si,si,si,no,si,3.0,4,4,1,5,3,L,7,8,7
651,IC,F,18,R,>=4,J,4.0,docencia,casa,reputacion,madre,3,1.0,0,no,si,si,si,si,si,si,si,4.0,4,3,2,5,7,M,6,5,6
652,BG,M,15,U,>=4,J,3.0,docencia,otros,cercania,madre,1,2.0,0,no,si,si,si,si,si,si,no,4.0,3,3,2,5,6,M,9,9,10
653,IC,F,17,U,<4,S,2.5,servicios,otros,reputacion,madre,2,2.0,0,no,no,no,no,si,si,no,si,1.0,2,3,1,5,0,L,15,14,15
654,IC,F,17,R,<4,S,2.0,servicios,otros,reputacion,madre,2,2.0,0,no,no,no,si,si,si,si,si,5.0,3,3,1,2,0,L,11,11,12
655,BG,F,15,U,<4,J,1.0,casa,otros,otros,madre,1,2.0,3,si,no,si,no,si,si,si,no,4.0,3,2,2,3,10,M,7,8,10
656,IC,F,17,R,>=4,J,1.0,otros,servicios,reputacion,madre,3,1.0,1,no,si,si,no,si,si,si,si,5.0,2,1,1,1,0,M,7,6,0
657,BG,F,16,U,>=4,J,3.0,otros,servicios,cercania,madre,1,2.0,0,si,si,no,si,si,si,si,no,4.0,3,3,3,5,4,L,11,11,11
658,BG,F,18,R,>=4,J,1.0,casa,otros,optativas,madre,3,1.0,3,no,si,no,si,no,si,no,no,5.0,2,5,2,4,6,M,9,8,10
659,BG,F,17,U,>=4,J,4.0,docencia,servicios,optativas,madre,1,3.0,0,no,si,no,si,si,si,si,no,5.0,4,4,2,4,0,L,13,12,13
660,BG,F,19,U,>=4,J,3.0,otros,servicios,cercania,otros,1,2.0,0,no,si,no,si,si,si,si,no,4.0,3,5,3,5,16,L,11,12,12
661,BG,M,15,U,>=4,S,3.5,servicios,otros,optativas,madre,1,2.0,0,no,si,no,si,si,si,si,no,5.0,4,4,1,1,0,L,16,16,16
662,IC,F,16,R,>=4,J,2.0,otros,otros,optativas,madre,2,2.0,0,no,si,no,si,si,si,si,no,4.0,4,4,1,5,0,L,12,12,12
663,BG,F,16,U,>=4,J,3.0,sanidad,servicios,cercania,padre,1,2.0,0,no,no,no,no,si,si,si,si,4.0,2,3,1,3,0,L,17,17,18
664,BG,F,15,U,>=4,J,2.0,otros,otros,otros,padre,2,2.0,0,no,si,no,si,si,si,no,no,3.0,5,1,1,5,0,M,8,7,6
665,BG,F,15,R,>=4,J,1.0,otros,otros,reputacion,madre,1,2.0,2,si,si,no,no,no,si,si,si,3.0,3,4,3,5,2,M,8,6,5
666,BG,M,15,U,>=4,J,2.0,servicios,servicios,optativas,padre,1,1.0,0,si,si,no,no,si,si,si,no,5.0,4,1,1,1,0,L,9,10,10
667,BG,F,17,U,>=4,J,2.0,servicios,servicios,reputacion,madre,1,2.0,0,no,si,no,si,si,si,si,no,4.0,3,4,2,4,0,L,13,17,17
668,BG,F,19,U,>=4,J,4.0,docencia,otros,cercania,otros,1,1.0,1,no,si,no,no,si,si,si,si,3.0,2,5,4,5,5,L,9,10,11
669,IC,F,15,R,>=4,J,1.0,casa,casa,optativas,padre,3,2.0,0,no,si,no,no,si,si,no,no,4.0,2,1,1,2,0,L,13,14,14
670,IC,M,17,U,>=4,J,3.0,sanidad,otros,optativas,madre,2,2.0,1,no,si,no,no,si,si,si,no,4.0,5,4,2,3,4,L,8,9,10
671,IC,F,16,R,>=4,J,4.0,sanidad,docencia,reputacion,padre,1,2.0,0,no,no,no,si,no,si,si,si,4.0,3,3,2,2,0,L,14,16,16
672,BG,F,17,U,>=4,J,2.0,otros,servicios,reputacion,padre,3,3.0,0,no,si,no,no,si,si,si,si,4.0,2,3,1,1,8,L,13,15,15
673,BG,M,17,U,>=4,J,4.0,docencia,docencia,optativas,madre,1,1.0,0,no,si,no,si,no,si,si,no,4.0,2,1,1,5,6,L,10,8,9
674,BG,F,15,U,>=4,S,3.5,servicios,servicios,reputacion,madre,1,2.0,0,no,si,no,si,si,si,si,no,4.0,3,2,1,1,0,L,15,14,15
675,BG,M,18,U,<4,J,3.5,servicios,otros,cercania,madre,1,2.0,0,no,no,no,si,si,si,si,si,4.0,3,3,2,5,11,M,16,15,15
676,BG,M,15,U,<4,J,4.0,sanidad,servicios,optativas,padre,1,1.0,0,no,si,si,si,si,si,si,no,4.0,3,3,2,5,2,M,14,14,14
677,BG,F,17,R,<4,J,2.0,servicios,servicios,optativas,madre,1,3.0,0,no,si,si,si,si,si,si,no,3.0,3,2,2,3,3,M,11,11,11
678,BG,M,16,U,>=4,J,3.5,sanidad,otros,reputacion,padre,1,2.0,0,no,si,si,si,si,si,si,no,4.0,2,4,3,1,2,M,14,13,13
679,BG,M,16,U,<4,J,1.0,otros,otros,cercania,madre,2,2.0,0,no,si,si,no,si,si,si,no,4.0,4,2,1,5,18,M,9,7,6
680,BG,F,17,R,>=4,J,3.0,casa,otros,optativas,padre,1,3.0,0,no,si,no,no,si,si,si,si,4.0,4,3,1,5,7,M,12,14,14
681,IC,M,17,U,<4,J,2.0,servicios,servicios,optativas,madre,2,2.0,0,no,no,no,no,no,si,si,no,2.0,4,5,3,2,6,L,10,10,10
682,BG,M,17,U,<4,J,2.0,otros,otros,cercania,padre,1,2.0,0,no,no,no,si,no,si,si,si,4.0,4,2,5,4,0,L,16,16,16
683,IC,F,17,R,>=4,J,2.0,casa,otros,optativas,madre,3,1.0,0,no,si,no,si,si,no,no,si,5.0,5,3,1,3,2,L,9,10,11
684,BG,M,16,U,<4,J,3.0,servicios,otros,reputacion,madre,1,2.0,0,no,si,no,si,si,si,si,no,5.0,4,2,1,5,6,L,12,12,13
685,BG,F,18,U,<4,J,1.0,otros,casa,cercania,madre,1,3.0,0,no,si,no,no,no,si,no,no,4.0,4,3,2,3,4,L,11,12,14
686,IC,M,20,U,<4,S,2.0,servicios,servicios,optativas,otros,1,2.0,2,no,si,si,no,si,si,no,no,5.0,5,4,4,4,11,M,9,9,9
687,BG,F,18,U,>=4,J,1.5,servicios,otros,reputacion,madre,1,2.0,3,no,si,no,si,si,no,si,si,5.0,4,5,2,5,10,L,10,9,8
688,BG,F,16,U,<4,J,2.0,servicios,servicios,optativas,madre,3,2.0,0,no,si,no,no,si,si,si,no,4.0,3,3,2,4,0,L,14,13,13
689,BG,F,21,U,<4,J,4.0,otros,otros,reputacion,otros,1,3.0,2,no,no,si,si,si,si,si,no,3.0,3,2,1,5,0,L,9,12,12
690,IC,M,17,U,>=4,J,1.0,casa,servicios,otros,madre,3,2.0,0,no,no,no,no,si,si,si,si,5.0,1,3,3,1,0,L,10,10,10
691,BG,F,15,U,<4,S,3.5,otros,otros,cercania,madre,1,2.0,0,si,no,no,si,si,si,si,si,5.0,3,2,1,1,0,M,7,10,11
692,BG,F,19,U,<4,J,1.0,casa,otros,reputacion,otros,1,2.0,1,si,si,no,si,no,si,si,no,4.0,4,3,2,3,18,M,12,10,10
693,BG,F,16,U,<4,J,2.0,casa,otros,optativas,madre,1,2.0,0,no,si,no,no,si,si,no,no,4.0,3,4,1,2,6,L,13,11,11
694,IC,M,15,U,>=4,J,2.0,sanidad,otros,reputacion,madre,3,1.0,0,no,no,no,no,si,si,no,no,4.0,3,3,1,4,0,L,13,12,13
695,BG,F,17,U,<4,J,3.0,docencia,servicios,reputacion,madre,1,4.0,0,no,si,no,si,si,si,si,no,4.0,2,3,1,4,2,L,14,15,17
696,IC,M,18,R,>=4,J,2.5,otros,otros,cercania,padre,2,1.0,1,no,no,si,no,si,si,no,no,5.0,4,3,4,3,0,L,7,7,0
697,BG,M,16,R,>=4,J,3.0,docencia,servicios,otros,madre,1,1.0,0,no,si,no,si,si,si,si,si,4.0,3,3,3,3,10,M,10,8,9
698,BG,M,15,U,>=4,J,4.0,sanidad,servicios,cercania,madre,1,2.0,0,no,si,si,no,no,si,si,no,5.0,4,2,3,5,0,L,10,11,11
699,BG,M,16,U,>=4,J,3.0,servicios,otros,cercania,madre,1,2.0,0,no,no,no,si,si,si,si,si,4.0,2,3,1,3,0,L,11,12,13
700,BG,M,15,R,>=4,J,3.5,casa,docencia,optativas,madre,4,2.0,0,no,si,no,no,si,si,no,si,5.0,3,3,1,5,0,M,9,0,0
701,BG,F,17,U,<4,J,3.5,sanidad,otros,reputacion,padre,1,2.0,0,no,no,no,si,si,si,si,si,3.0,2,3,1,3,14,M,13,13,14
702,BG,F,16,U,<4,J,2.5,otros,otros,cercania,padre,1,2.0,0,si,si,no,no,si,si,no,no,3.0,3,3,2,2,0,L,12,13,12
703,IC,M,15,R,>=4,J,2.5,otros,servicios,optativas,madre,3,2.0,0,no,si,no,si,si,si,no,no,5.0,5,5,2,5,11,L,9,11,10
704,BG,M,16,U,>=4,J,2.0,otros,otros,reputacion,padre,2,4.0,0,no,si,no,no,si,si,si,no,4.0,3,2,1,5,2,L,13,11,11
705,BG,F,17,U,<4,J,3.0,otros,otros,reputacion,madre,1,2.0,0,no,si,no,si,si,si,si,si,5.0,3,3,2,1,32,L,14,13,14
706,BG,F,17,U,>=4,J,2.0,casa,otros,optativas,madre,1,2.0,0,si,no,no,no,no,si,no,si,4.0,3,2,1,4,10,L,10,9,10
707,IC,F,17,R,>=4,J,1.0,otros,otros,otros,padre,1,1.0,1,no,si,no,no,no,no,si,no,5.0,4,4,2,5,0,L,6,6,7
708,BG,F,17,U,>=4,J,3.0,sanidad,servicios,reputacion,madre,1,3.0,0,no,si,si,no,si,si,si,no,4.0,2,2,1,3,0,M,15,15,15
709,BG,F,16,U,>=4,J,2.5,servicios,servicios,optativas,madre,1,2.0,0,no,no,no,no,si,si,si,no,4.0,3,3,1,2,10,M,11,12,13
710,IC,F,17,R,<4,S,2.0,otros,casa,optativas,otros,2,2.0,0,no,si,si,no,si,no,no,no,4.0,2,3,1,3,5,L,8,7,8
711,BG,F,15,R,<4,J,2.0,otros,otros,reputacion,padre,2,4.0,0,no,si,no,no,no,si,si,no,4.0,4,2,2,3,6,L,15,15,15
712,IC,F,17,R,>=4,J,1.0,otros,servicios,reputacion,madre,3,1.0,1,no,si,no,no,si,si,si,si,5.0,2,1,1,1,0,L,8,8,9
713,BG,M,16,R,>=4,J,3.0,docencia,servicios,otros,madre,1,1.0,0,no,si,no,si,si,si,si,si,4.0,3,3,3,3,8,L,10,9,11
714,BG,M,18,U,<4,J,2.0,servicios,servicios,optativas,madre,2,1.0,0,no,no,no,si,si,si,si,si,3.0,3,4,4,4,2,L,11,11,12
715,IC,F,17,U,>=4,J,2.0,otros,casa,cercania,madre,1,3.0,0,no,no,no,si,si,si,no,si,3.0,4,3,1,3,8,L,10,11,12
716,BG,F,17,U,>=4,J,3.0,otros,otros,reputacion,madre,2,3.0,0,no,si,no,no,si,si,si,no,4.0,3,3,1,3,0,L,16,16,16
717,BG,M,15,U,<4,J,3.0,docencia,otros,optativas,madre,1,1.0,0,no,no,no,no,si,si,si,no,3.0,5,2,1,3,10,L,18,17,18
718,IC,F,18,U,<4,J,2.0,docencia,servicios,optativas,madre,1,2.0,0,no,si,si,no,si,si,si,no,4.0,3,4,1,1,0,M,7,9,8
719,BG,F,18,U,>=4,J,3.5,otros,otros,reputacion,padre,1,4.0,0,no,si,si,no,si,si,si,no,4.0,3,3,1,3,0,M,14,13,14
720,BG,F,16,U,>=4,S,2.0,otros,otros,otros,madre,1,2.0,0,no,no,no,si,si,si,si,si,5.0,3,4,1,2,2,L,12,13,12
721,BG,F,17,U,>=4,J,3.0,docencia,docencia,optativas,madre,2,3.0,0,no,si,no,no,no,si,si,si,4.0,3,3,1,4,4,L,15,14,15
722,BG,M,16,U,>=4,J,1.5,servicios,servicios,otros,madre,1,1.0,0,no,si,si,si,si,si,si,si,3.0,3,3,1,3,2,M,11,12,11
723,BG,F,18,U,>=4,S,2.5,otros,servicios,optativas,otros,1,3.0,0,no,si,no,si,no,si,si,si,4.0,3,3,4,5,10,L,12,11,11
724,BG,M,16,U,>=4,J,3.5,otros,otros,optativas,padre,3,1.0,1,no,si,no,si,no,si,si,no,3.0,4,5,3,2,4,L,9,9,10
725,BG,M,17,U,>=4,J,2.5,otros,otros,optativas,padre,2,1.0,0,no,no,no,no,si,si,si,no,5.0,2,2,1,2,4,M,12,12,13
726,IC,F,19,U,>=4,J,1.0,casa,servicios,optativas,madre,1,3.0,1,no,no,no,si,si,no,no,si,5.0,3,1,1,3,6,L,7,9,9
727,BG,F,17,U,>=4,J,2.0,otros,otros,optativas,madre,1,2.0,0,no,si,no,no,si,si,no,si,4.0,2,2,1,3,12,M,11,9,9
728,BG,F,18,U,>=4,J,3.0,servicios,servicios,cercania,madre,1,2.0,0,no,no,no,si,si,si,si,no,5.0,3,4,1,4,8,L,10,11,12
729,BG,F,17,U,>=4,J,4.0,docencia,servicios,optativas,madre,1,3.0,0,no,si,si,si,si,si,si,no,5.0,4,4,2,4,7,M,10,9,9
730,BG,M,16,U,>=4,J,3.5,sanidad,servicios,reputacion,madre,1,4.0,0,no,no,no,si,si,si,si,no,4.0,2,2,1,2,4,M,19,19,20
731,BG,F,17,R,>=4,J,3.0,casa,otros,optativas,padre,1,3.0,0,no,si,no,no,si,si,si,si,4.0,4,3,1,5,0,L,15,15,15
732,IC,F,15,R,>=4,J,3.0,docencia,otros,optativas,madre,2,1.0,0,no,no,no,no,si,si,si,si,1.0,5,1,4,5,0,L,13,14,14
733,BG,M,15,U,<4,J,3.5,docencia,servicios,cercania,madre,1,3.0,0,no,si,no,si,si,si,si,no,5.0,4,3,1,4,2,M,15,16,18
734,BG,F,18,U,>=4,J,2.0,casa,servicios,cercania,madre,1,3.0,0,no,si,no,si,si,si,si,si,4.0,3,3,1,3,0,L,11,12,13
735,BG,F,17,U,>=4,J,2.5,casa,otros,cercania,padre,2,1.0,0,no,si,si,no,si,si,no,no,3.0,3,3,2,3,3,M,7,7,8
736,IC,F,18,R,>=4,J,4.0,otros,docencia,otros,padre,3,2.0,0,no,si,no,no,no,si,si,si,3.0,2,2,3,5,0,L,7,5,0
737,IC,M,16,R,>=4,J,2.0,servicios,servicios,optativas,madre,2,1.0,0,no,si,no,si,si,si,si,si,5.0,4,3,3,4,6,L,7,8,8
738,BG,F,17,R,>=4,J,3.0,otros,otros,optativas,madre,1,3.0,0,no,si,no,si,si,si,si,no,4.0,3,4,2,5,2,L,11,12,14
739,IC,F,18,U,<4,J,1.0,otros,casa,reputacion,madre,2,2.0,0,si,no,no,no,si,si,no,no,2.0,3,5,2,3,8,L,9,8,10
740,BG,M,16,U,<4,J,1.0,otros,otros,cercania,madre,2,2.0,0,no,si,no,no,si,si,si,no,3.0,4,2,1,5,2,L,9,9,9
741,BG,M,16,U,>=4,J,4.0,docencia,docencia,optativas,madre,1,1.0,0,no,si,no,no,si,no,si,si,3.0,3,2,1,5,0,M,7,6,0
742,BG,F,15,R,>=4,J,2.0,casa,otros,reputacion,madre,1,1.0,0,si,si,si,si,si,si,no,no,4.0,3,1,1,2,8,M,14,13,13
743,BG,M,16,U,>=4,J,4.0,servicios,docencia,otros,padre,1,3.0,0,no,si,no,si,si,si,si,si,4.0,4,3,1,4,0,L,16,16,16
744,IC,F,18,R,>=4,J,2.5,casa,otros,optativas,madre,3,2.0,1,no,no,no,si,si,si,no,si,4.0,3,3,1,4,0,L,9,0,0
745,IC,F,17,U,>=4,J,3.0,otros,otros,optativas,madre,2,2.0,0,no,si,no,no,si,si,si,no,4.0,3,3,1,4,0,L,17,18,18
746,BG,F,18,U,>=4,J,4.0,sanidad,sanidad,reputacion,padre,1,2.0,1,si,si,no,si,si,si,si,si,2.0,4,4,1,4,2,L,14,12,13
747,IC,M,18,R,>=4,J,2.5,otros,otros,optativas,madre,2,1.0,0,no,si,no,no,no,si,si,no,2.0,5,5,5,5,8,L,9,10,11
748,IC,M,18,R,<4,J,2.5,servicios,otros,optativas,madre,3,1.0,0,no,no,no,no,no,si,si,no,4.0,4,1,3,5,0,M,11,12,10
749,BG,M,15,U,<4,J,2.0,servicios,servicios,cercania,madre,2,2.0,0,no,no,si,si,si,si,si,no,5.0,3,3,2,4,2,L,13,12,13
750,IC,F,16,U,<4,J,1.5,otros,servicios,otros,madre,1,2.0,0,no,no,no,no,si,si,si,si,3.0,2,2,1,3,0,L,14,15,16
751,BG,F,15,R,>=4,J,3.5,servicios,docencia,optativas,padre,2,3.0,2,no,si,no,no,si,si,si,si,4.0,2,2,2,5,0,M,12,0,0
752,BG,F,17,U,>=4,J,3.0,servicios,servicios,reputacion,padre,1,2.0,0,no,si,no,si,si,si,no,no,5.0,4,2,2,5,0,M,16,17,17
753,IC,F,18,R,>=4,J,2.0,otros,otros,otros,madre,2,2.0,1,no,no,no,no,si,no,si,si,5.0,5,5,1,3,0,L,8,6,0
754,BG,M,16,R,>=4,J,3.5,servicios,otros,reputacion,madre,2,1.0,0,si,si,no,si,no,si,si,no,3.0,3,3,1,4,2,M,11,15,15
755,BG,F,16,U,>=4,J,2.0,otros,otros,cercania,madre,1,2.0,0,no,no,si,no,si,si,si,si,5.0,4,4,1,5,0,M,8,7,8
756,IC,F,16,R,<4,J,1.0,casa,otros,optativas,padre,3,2.0,0,no,si,no,no,si,si,no,no,5.0,3,2,1,1,0,L,16,17,18
757,BG,M,17,U,>=4,J,2.0,servicios,otros,otros,madre,1,2.0,0,no,no,no,si,si,si,si,si,5.0,4,4,3,5,0,L,11,11,14
758,IC,F,15,R,<4,J,1.0,casa,otros,optativas,madre,2,1.0,0,no,si,no,no,si,no,no,si,5.0,2,1,2,4,0,L,9,10,9
759,BG,F,17,U,<4,J,1.0,casa,casa,cercania,padre,2,3.0,0,no,no,no,no,si,si,si,no,3.0,3,3,2,2,0,M,16,15,15
760,IC,F,18,R,<4,J,4.0,otros,otros,reputacion,madre,2,3.0,0,no,no,no,no,si,si,si,no,5.0,4,4,1,1,0,L,15,17,17
761,BG,F,16,R,>=4,J,2.0,servicios,servicios,reputacion,madre,2,4.0,0,no,si,no,si,no,si,si,no,5.0,3,5,1,5,6,L,13,13,13
762,IC,F,18,R,>=4,J,4.0,otros,docencia,otros,padre,3,2.0,0,no,si,si,no,no,si,si,si,3.0,2,2,3,5,10,M,14,12,11
763,BG,M,17,U,>=4,J,3.0,sanidad,otros,cercania,madre,1,1.0,0,no,si,si,no,si,si,si,no,4.0,4,3,2,5,4,M,14,12,11
764,BG,M,16,U,<4,J,3.0,docencia,otros,optativas,madre,1,2.0,0,no,no,no,si,si,si,si,no,4.0,5,1,2,5,0,L,12,13,14
765,IC,M,17,U,>=4,J,2.5,otros,servicios,cercania,padre,2,2.0,0,no,no,no,si,si,si,si,no,4.0,4,3,1,3,2,M,11,11,10
766,BG,F,15,U,<4,S,3.0,otros,otros,otros,madre,1,1.0,0,no,no,si,no,si,si,si,no,5.0,3,4,4,1,6,M,10,13,13
767,BG,F,17,U,<4,S,1.5,otros,otros,optativas,madre,3,1.0,0,no,si,no,no,si,si,si,no,3.0,2,2,1,5,8,L,11,10,11
768,BG,F,17,R,>=4,J,3.0,docencia,docencia,optativas,madre,1,1.0,0,no,no,no,si,si,si,si,no,4.0,4,4,1,5,2,L,15,16,17
769,BG,F,18,R,>=4,J,2.0,otros,otros,reputacion,madre,1,2.0,0,no,no,no,si,si,si,si,si,5.0,3,3,1,4,4,L,8,8,8
770,IC,F,18,U,>=4,J,3.0,otros,otros,cercania,madre,1,2.0,0,no,no,no,no,si,si,si,si,4.0,1,3,1,1,1,L,16,16,16
771,IC,M,19,U,>=4,J,2.5,casa,servicios,optativas,madre,2,1.0,3,no,no,no,si,si,si,no,no,3.0,2,1,1,3,4,L,6,11,9
772,BG,F,18,U,>=4,J,3.0,casa,otros,optativas,madre,1,3.0,0,no,si,no,no,si,si,si,no,4.0,3,3,1,3,0,L,11,12,14
773,IC,M,16,U,>=4,J,4.0,otros,docencia,optativas,padre,1,2.0,0,no,si,no,si,si,si,no,si,4.0,3,1,1,3,0,L,13,12,13
774,BG,F,17,R,>=4,J,1.5,casa,servicios,reputacion,madre,2,2.0,0,no,si,no,si,si,si,si,no,4.0,2,5,1,5,2,M,6,6,6
775,BG,F,17,U,>=4,S,3.5,servicios,servicios,optativas,madre,1,2.0,0,no,si,no,no,si,si,si,si,5.0,2,2,1,5,14,L,15,14,17
776,BG,F,17,U,>=4,S,3.0,sanidad,otros,reputacion,madre,1,2.0,0,no,si,no,no,no,si,si,si,3.0,3,3,2,3,6,M,8,7,9
777,IC,M,18,U,>=4,J,4.0,docencia,docencia,cercania,padre,1,2.0,0,no,no,no,si,no,si,si,no,3.0,2,4,2,2,4,L,17,18,19
778,BG,F,18,U,>=4,J,2.5,otros,servicios,reputacion,padre,1,4.0,0,no,si,no,si,si,si,si,si,4.0,5,5,2,2,10,L,16,16,16
779,BG,M,20,U,>=4,S,2.5,servicios,otros,optativas,otros,1,1.0,2,no,no,no,si,si,si,no,no,5.0,5,3,1,5,0,L,14,15,15
780,BG,F,15,U,>=4,J,4.0,servicios,docencia,otros,padre,1,2.0,1,si,si,no,si,no,si,si,no,4.0,4,4,1,3,2,M,7,7,7
781,BG,F,18,U,>=4,J,2.5,otros,servicios,otros,madre,1,3.0,0,no,no,no,no,si,si,si,si,5.0,4,3,2,1,7,M,13,13,14
782,IC,F,16,U,<4,S,2.0,casa,otros,reputacion,madre,2,4.0,0,no,no,no,si,no,no,no,si,1.0,2,1,1,1,4,L,10,9,11
783,BG,M,16,R,>=4,J,2.0,casa,otros,optativas,madre,3,1.0,0,no,no,no,no,no,si,no,no,4.0,2,2,1,3,2,M,17,15,15
784,IC,F,18,U,>=4,J,3.0,servicios,servicios,otros,madre,2,2.0,0,no,si,no,no,si,si,si,si,4.0,3,2,2,3,0,M,11,11,10
785,BG,F,17,R,<4,S,2.5,otros,otros,optativas,otros,4,1.0,1,no,si,no,no,si,si,si,no,5.0,5,4,1,5,14,L,9,9,8
786,BG,M,16,U,>=4,J,3.0,otros,servicios,optativas,padre,1,2.0,1,no,si,si,no,si,si,si,si,4.0,5,5,4,5,4,M,10,12,12
787,BG,M,15,R,>=4,J,4.0,otros,otros,cercania,padre,4,4.0,0,no,si,si,si,si,si,si,si,1.0,3,5,4,1,6,M,10,13,13
788,BG,F,18,U,>=4,J,1.5,servicios,otros,optativas,madre,2,2.0,0,no,si,no,si,si,si,si,no,5.0,3,3,1,1,2,L,12,12,15
789,BG,F,20,R,>=4,J,1.0,otros,otros,reputacion,otros,2,3.0,0,no,no,no,no,si,si,si,si,3.0,2,2,2,3,8,L,11,15,15
790,IC,F,16,U,>=4,J,3.0,otros,otros,reputacion,madre,1,1.0,0,no,no,no,si,si,no,si,si,4.0,5,4,1,4,0,L,14,13,13
791,IC,F,17,U,<4,J,1.0,otros,servicios,optativas,padre,1,3.0,0,no,si,no,no,si,si,no,si,4.0,3,3,1,3,0,L,11,11,10
792,IC,F,19,R,>=4,J,2.5,servicios,otros,optativas,madre,1,3.0,1,no,no,no,si,no,si,si,no,5.0,4,2,1,5,4,L,10,11,10
793,IC,M,16,R,>=4,J,1.5,otros,servicios,reputacion,madre,2,2.0,0,no,no,no,si,si,si,si,no,5.0,2,1,1,2,0,L,8,7,0
794,BG,M,16,U,<4,J,2.0,otros,otros,reputacion,madre,2,2.0,0,no,si,no,si,si,si,si,no,5.0,4,4,3,5,0,M,13,13,12
795,BG,F,18,R,>=4,S,2.5,otros,servicios,cercania,madre,2,2.0,0,no,no,no,no,no,no,si,si,4.0,1,1,1,5,15,L,12,9,10
796,BG,F,17,U,>=4,J,2.5,servicios,servicios,optativas,padre,1,3.0,0,no,si,no,no,no,si,si,no,3.0,4,3,2,5,0,L,17,18,17
797,BG,M,18,R,>=4,J,2.5,otros,otros,optativas,madre,1,3.0,0,no,no,no,si,no,si,no,no,5.0,3,2,1,3,2,L,10,11,12
798,BG,F,18,R,>=4,J,2.0,casa,otros,optativas,madre,2,4.0,0,no,no,no,si,si,si,no,no,4.0,4,4,1,4,0,M,10,9,0
799,IC,M,17,U,>=4,J,3.5,servicios,otros,otros,madre,1,2.0,1,no,si,no,si,no,si,si,si,5.0,4,4,3,5,8,L,8,9,8
800,BG,F,17,U,>=4,J,3.0,sanidad,otros,reputacion,madre,1,3.0,0,no,si,no,si,si,si,si,si,4.0,4,3,2,4,0,L,11,12,13
801,BG,F,17,U,>=4,J,2.5,otros,otros,cercania,madre,1,2.0,0,no,si,si,no,si,si,si,si,4.0,3,2,2,2,0,M,7,8,0
802,BG,F,15,U,>=4,S,3.0,otros,sanidad,reputacion,padre,1,4.0,0,si,no,no,no,si,si,no,no,4.0,3,3,1,4,10,M,10,11,11
803,BG,M,15,U,>=4,J,3.5,docencia,servicios,optativas,padre,2,4.0,0,si,si,no,no,si,si,si,no,2.0,2,2,1,3,0,M,7,9,0
804,BG,F,16,U,>=4,J,3.0,docencia,servicios,cercania,madre,2,2.0,0,no,si,no,si,si,si,si,no,5.0,3,3,1,1,2,L,13,14,14
805,BG,F,17,U,>=4,J,1.0,casa,otros,optativas,padre,1,2.0,0,no,si,no,no,no,si,si,no,5.0,3,3,1,3,4,M,5,5,6
806,BG,F,19,U,>=4,J,2.0,servicios,servicios,cercania,madre,1,2.0,0,no,si,no,no,si,si,si,no,4.0,3,3,1,5,0,L,10,10,11
807,BG,F,16,U,>=4,J,1.5,otros,otros,optativas,madre,1,1.0,0,no,no,no,no,si,no,si,no,5.0,3,5,1,5,4,L,12,11,11
808,BG,F,15,U,>=4,J,3.0,servicios,casa,optativas,madre,1,3.0,0,no,si,no,si,si,si,si,si,4.0,3,3,1,5,4,L,13,14,15
809,BG,F,16,U,>=4,J,2.0,servicios,otros,optativas,madre,1,4.0,0,si,si,no,no,si,si,si,no,4.0,3,3,1,5,0,L,10,9,10
810,BG,F,15,U,<4,S,3.5,otros,otros,cercania,madre,1,2.0,0,si,no,no,si,si,si,si,si,5.0,3,2,1,1,0,L,10,11,11
811,BG,M,15,U,>=4,J,2.0,otros,otros,cercania,madre,1,1.0,0,no,si,no,no,si,si,si,no,4.0,2,2,1,5,8,L,11,12,12
812,BG,F,19,U,>=4,J,4.0,sanidad,otros,reputacion,otros,2,2.0,0,no,si,no,si,si,si,si,no,2.0,3,4,2,2,2,L,14,13,13
813,BG,M,15,U,>=4,S,2.0,otros,otros,cercania,otros,1,3.0,0,no,si,no,no,si,si,si,si,4.0,5,2,1,3,0,M,14,16,16
814,BG,M,17,R,>=4,J,1.5,otros,otros,optativas,madre,1,1.0,0,no,no,no,no,no,si,si,no,4.0,4,2,3,5,0,L,12,12,13
815,IC,F,18,R,<4,J,4.0,otros,otros,reputacion,madre,2,3.0,0,no,no,no,no,si,si,si,no,5.0,4,4,1,1,0,M,19,18,19
816,BG,M,17,U,>=4,J,2.0,otros,otros,cercania,padre,2,1.0,0,no,no,no,no,si,no,si,no,4.0,4,4,2,4,8,L,8,8,9
817,IC,F,17,U,>=4,J,3.0,docencia,otros,optativas,padre,2,4.0,0,no,no,no,no,si,si,si,si,4.0,2,3,2,5,0,L,18,18,18
818,IC,F,19,R,>=4,J,2.5,servicios,otros,optativas,madre,1,3.0,1,no,no,no,si,no,si,si,no,5.0,4,2,1,5,0,M,7,5,0
819,BG,M,18,U,<4,J,1.0,otros,otros,optativas,madre,1,1.0,2,no,no,no,no,si,no,si,si,2.0,3,5,3,4,0,L,11,9,0
820,IC,F,17,R,>=4,J,2.5,casa,otros,optativas,madre,2,2.0,0,no,si,no,no,si,si,si,no,4.0,3,5,1,4,0,L,11,10,11
821,IC,M,18,R,<4,J,1.0,casa,otros,otros,madre,2,2.0,1,no,no,no,si,no,no,no,no,4.0,4,3,2,5,2,M,13,12,12
822,BG,M,15,U,>=4,J,3.5,servicios,servicios,cercania,padre,1,1.0,0,si,no,no,no,si,si,si,no,5.0,5,5,3,5,0,M,13,13,12
823,BG,M,15,U,<4,J,3.5,sanidad,servicios,optativas,padre,1,1.0,0,no,si,no,si,si,si,si,no,4.0,3,3,2,5,0,L,12,13,12
824,BG,F,16,U,<4,J,2.0,otros,casa,optativas,padre,2,2.0,1,si,no,no,si,si,si,si,no,4.0,3,3,2,5,14,M,10,10,9
825,BG,M,15,U,>=4,J,2.0,docencia,otros,optativas,madre,2,4.0,0,no,no,no,si,si,si,si,no,3.0,4,3,1,1,8,M,11,11,10
826,IC,M,17,R,>=4,J,1.5,otros,otros,otros,madre,3,1.0,0,no,no,no,si,si,no,no,si,5.0,5,5,5,3,8,L,8,10,9
827,BG,F,17,U,<4,S,3.0,docencia,otros,optativas,madre,1,2.0,0,no,si,no,si,si,si,no,no,4.0,3,2,1,4,4,L,15,14,14
828,IC,F,18,U,>=4,J,2.0,otros,otros,optativas,madre,2,2.0,0,no,si,no,no,no,si,si,si,1.0,3,1,1,2,4,L,8,8,10
829,BG,M,15,U,<4,J,4.0,docencia,otros,cercania,otros,1,1.0,0,no,si,no,no,no,si,si,si,5.0,4,3,3,5,8,M,12,12,12
830,IC,F,19,U,>=4,J,2.0,casa,servicios,optativas,otros,1,1.0,1,no,no,no,no,si,no,si,si,4.0,4,4,1,2,0,L,9,9,10
831,IC,F,18,U,<4,J,1.0,casa,servicios,optativas,padre,2,3.0,0,no,no,no,no,si,si,si,no,5.0,3,2,1,4,0,L,19,17,18
832,IC,F,15,R,>=4,J,3.0,servicios,otros,reputacion,madre,1,2.0,0,no,si,no,no,si,si,si,si,4.0,5,4,1,1,4,L,13,12,12
833,BG,F,17,U,>=4,J,2.5,servicios,otros,reputacion,madre,1,2.0,0,no,si,no,si,si,si,si,no,4.0,3,5,3,4,4,L,12,16,16
834,BG,F,18,U,>=4,J,2.0,casa,servicios,cercania,madre,1,3.0,0,no,si,si,si,si,si,si,si,4.0,3,3,1,3,0,M,9,10,0
